,Link,Address,Beds,Rent
0,https://web.archive.org/web/20150317192959/https://www.apartments.com/chicago-il/2/,111 W Wacker Dr,Studio - 3 Br,"$1,995 - $7,800"
1,https://web.archive.org/web/20150317192959/https://www.apartments.com/chicago-il/2/,425 W Surf St,Studio - 1 Br,"$1,148 - $1,893"
2,https://web.archive.org/web/20150317192959/https://www.apartments.com/chicago-il/2/,445 E Illinois St,Studio - 2 Br,"$1,815 - $4,925"
3,https://web.archive.org/web/20150317192959/https://www.apartments.com/chicago-il/2/,5222-5238 S Drexel Ave,1-3 Br,"$1,230 - $1,355"
4,https://web.archive.org/web/20150317192959/https://www.apartments.com/chicago-il/2/,5550 S DORCHESTER Ave,Studio - 2 Br,"$1,022 - $2,500"
5,https://web.archive.org/web/20150317192959/https://www.apartments.com/chicago-il/2/,900 S Clark St,Studio - 3 Br,"$1,418 - $3,320"
6,https://web.archive.org/web/20150317192959/https://www.apartments.com/chicago-il/2/,2727 N Pine Grove Ave,Studio - 1 Br,"$1,082 - $1,552"
7,https://web.archive.org/web/20150317192959/https://www.apartments.com/chicago-il/2/,860 N Dewitt Pl,Studio - 2 Br,"$1,514 - $3,850"
8,https://web.archive.org/web/20150317192959/https://www.apartments.com/chicago-il/2/,1164-1212 W Madison St,Studio - 2 Br,"$1,734 - $3,295"
9,https://web.archive.org/web/20150317192959/https://www.apartments.com/chicago-il/2/,555 W Madison St,Studio - 2 Br,"$1,365 - $4,195"
10,https://web.archive.org/web/20150317192959/https://www.apartments.com/chicago-il/2/,180 N Jefferson St,Studio - 3 Br,"$1,671 - $5,353"
11,https://web.archive.org/web/20150317192959/https://www.apartments.com/chicago-il/2/,161 W Kinzie St,Studio - 2 Br,"$1,570 - $6,337"
12,https://web.archive.org/web/20150317192959/https://www.apartments.com/chicago-il/2/,5307 S Hyde Park Blvd,Studio - 3 Br,"$985 - $2,600"
13,https://web.archive.org/web/20150317192959/https://www.apartments.com/chicago-il/2/,400 N McClurg Ct,Studio - 2 Br,"$1,562 - $2,961"
14,https://web.archive.org/web/20150317192959/https://www.apartments.com/chicago-il/2/,1936 N Clark St,Studio - 2 Br,"$925 - $2,180"
15,https://web.archive.org/web/20150317192959/https://www.apartments.com/chicago-il/2/,6700 S Oglesby Ave,Studio - 2 Br,"$774 - $1,821"
16,https://web.archive.org/web/20150317192959/https://www.apartments.com/chicago-il/2/,747 N Wabash Ave,Studio - 2 Br,"$1,540 - $7,260"
17,https://web.archive.org/web/20150317192959/https://www.apartments.com/chicago-il/2/,651 S Wells St,1-3 Br,"$1,618 - $2,687"
18,https://web.archive.org/web/20150317192959/https://www.apartments.com/chicago-il/2/,4827 N Sheridan Rd,Studio - 3 Br,"$825 - $1,450"
19,https://web.archive.org/web/20150317192959/https://www.apartments.com/chicago-il/2/,7000 S South Shore Dr,Studio - 4 Br,"$610 - $2,501"
20,https://web.archive.org/web/20150317192959/https://www.apartments.com/chicago-il/2/,215 W Washington St,Studio - 3 Br,"$1,645 - $4,315"
21,https://web.archive.org/web/20150317192959/https://www.apartments.com/chicago-il/2/,910 W Huron St,Studio - 4 Br,"$1,880 - $2,865"
22,https://web.archive.org/web/20150317192959/https://www.apartments.com/chicago-il/2/,5500 S Shore Dr,Studio - 2 Br,"$907 - $1,560"
23,https://web.archive.org/web/20150317192959/https://www.apartments.com/chicago-il/2/,14 W Elm St,Studio - 2 Br,"$1,125 - $2,400"
24,https://web.archive.org/web/20150317192959/https://www.apartments.com/chicago-il/2/,520 N Kingsbury St,Studio - 2 Br,"$1,359 - $2,800"
25,https://web.archive.org/web/20150905074238/https://www.apartments.com/chicago-il/2/,200 E Illinois St,Studio - 4 Br,"$1,828 - $7,099"
26,https://web.archive.org/web/20150905074238/https://www.apartments.com/chicago-il/2/,121 W Chestnut St,Studio - 3 Br,"$1,785 - $5,230"
27,https://web.archive.org/web/20150905074238/https://www.apartments.com/chicago-il/2/,3402-3453 N Elaine Pl,1-2 Br,"$1,575"
28,https://web.archive.org/web/20150905074238/https://www.apartments.com/chicago-il/2/,37 W Van Buren St,Studio - 4 Br,"$899 - $4,945"
29,https://web.archive.org/web/20150905074238/https://www.apartments.com/chicago-il/2/,5222-5238 S Drexel Ave,1 Br,"$1,035 - $1,340"
30,https://web.archive.org/web/20150905074238/https://www.apartments.com/chicago-il/2/,11 S Green St,Studio - 2 Br,"$1,565 - $3,957"
31,https://web.archive.org/web/20150905074238/https://www.apartments.com/chicago-il/2/,401-465 E Illinois St,Studio - 2 Br,"$2,005 - $4,850"
32,https://web.archive.org/web/20150905074238/https://www.apartments.com/chicago-il/2/,343 W Wolf Point Plz,Studio - 3 Br,Call for Rent
33,https://web.archive.org/web/20150905074238/https://www.apartments.com/chicago-il/2/,850 N State St,1-2 Br,"$1,530 - $2,601"
34,https://web.archive.org/web/20150905074238/https://www.apartments.com/chicago-il/2/,1325 W Wilson Ave,Studio - 2 Br,"$925 - $1,600"
35,https://web.archive.org/web/20150905074238/https://www.apartments.com/chicago-il/2/,14 W Elm St,Studio - 2 Br,"$1,175 - $2,300"
36,https://web.archive.org/web/20150905074238/https://www.apartments.com/chicago-il/2/,5550 S DORCHESTER Ave,Studio - 2 Br,"$902 - $2,500"
37,https://web.archive.org/web/20150905074238/https://www.apartments.com/chicago-il/2/,4827 N Sheridan Rd,Studio - 3 Br,"$950 - $1,750"
38,https://web.archive.org/web/20150905074238/https://www.apartments.com/chicago-il/2/,747 N Wabash Ave,Studio - 2 Br,"$1,815 - $7,275"
39,https://web.archive.org/web/20150905074238/https://www.apartments.com/chicago-il/2/,2555 N Clark St,Studio - 2 Br,"$2,020 - $4,403"
40,https://web.archive.org/web/20150905074238/https://www.apartments.com/chicago-il/2/,215 W Washington St,Studio - 3 Br,"$1,795 - $6,800"
41,https://web.archive.org/web/20150905074238/https://www.apartments.com/chicago-il/2/,1350 E 53rd St,1-2 Br,"$1,053 - $1,680"
42,https://web.archive.org/web/20150905074238/https://www.apartments.com/chicago-il/2/,730 S CLARK St,1-2 Br,"$1,938 - $3,259"
43,https://web.archive.org/web/20150905074238/https://www.apartments.com/chicago-il/2/,520 N Kingsbury St,Studio - 2 Br,"$1,753 - $3,823"
44,https://web.archive.org/web/20150905074238/https://www.apartments.com/chicago-il/2/,5718 N Winthrop Ave,Studio - 2 Br,"$950 - $2,100"
45,https://web.archive.org/web/20150905074238/https://www.apartments.com/chicago-il/2/,77 W Huron St,Studio - 3 Br,"$1,590 - $5,360"
46,https://web.archive.org/web/20150905074238/https://www.apartments.com/chicago-il/2/,860 N Dewitt Pl,Studio - 2 Br,"$1,575 - $3,760"
47,https://web.archive.org/web/20150905074238/https://www.apartments.com/chicago-il/2/,3450 N Lake Shore Dr,Studio - 2 Br,"$1,428 - $2,634"
48,https://web.archive.org/web/20150905074238/https://www.apartments.com/chicago-il/2/,500 N Lake Shore Dr,Studio - 2 Br,"$1,975 - $5,285"
49,https://web.archive.org/web/20150905074238/https://www.apartments.com/chicago-il/2/,8 E 9th St,Studio - 2 Br,"$1,736 - $4,500"
50,https://web.archive.org/web/20150324042453/https://www.apartments.com/chicago-il/3/,5718 N Winthrop Ave,Studio - 2 Br,"$850 - $2,100"
51,https://web.archive.org/web/20150324042453/https://www.apartments.com/chicago-il/3/,2138 S Indiana Ave,1-2 Br,"$1,315 - $3,193"
52,https://web.archive.org/web/20150324042453/https://www.apartments.com/chicago-il/3/,500 N Lake Shore Dr,Studio,"$1,855 - $2,355"
53,https://web.archive.org/web/20150324042453/https://www.apartments.com/chicago-il/3/,520 N Kingsbury St,Studio - 2 Br,"$1,612 - $3,479"
54,https://web.archive.org/web/20150324042453/https://www.apartments.com/chicago-il/3/,833 W Buena Ave,1-3 Br,"$1,025 - $1,755"
55,https://web.archive.org/web/20150324042453/https://www.apartments.com/chicago-il/3/,1325 W Wilson Ave,Studio - 2 Br,"$925 - $1,450"
56,https://web.archive.org/web/20150324042453/https://www.apartments.com/chicago-il/3/,200 E Chestnut St,Studio - 2 Br,"$1,230 - $2,610"
57,https://web.archive.org/web/20150324042453/https://www.apartments.com/chicago-il/3/,1350 E 53rd St,1-2 Br,Call for Rent
58,https://web.archive.org/web/20150324042453/https://www.apartments.com/chicago-il/3/,33 W Superior St,Studio - 2 Br,"$1,645 - $5,581"
59,https://web.archive.org/web/20150324042453/https://www.apartments.com/chicago-il/3/,765 W Adams St,Studio - 3 Br,"$1,620 - $8,125"
60,https://web.archive.org/web/20150324042453/https://www.apartments.com/chicago-il/3/,360 W Hubbard St,Studio - 2 Br,"$1,775 - $4,172"
61,https://web.archive.org/web/20150324042453/https://www.apartments.com/chicago-il/3/,1350 N Wells St,Studio - 2 Br,"$1,480 - $3,205"
62,https://web.archive.org/web/20150324042453/https://www.apartments.com/chicago-il/3/,6104 S Woodlawn Ave,Studio - 1 Br,"$576 - $1,032"
63,https://web.archive.org/web/20150324042453/https://www.apartments.com/chicago-il/3/,8 E 9th St,Studio - 2 Br,"$1,606 - $4,000"
64,https://web.archive.org/web/20150324042453/https://www.apartments.com/chicago-il/3/,185 N Wabash Ave,Studio - 2 Br,"$1,455 - $4,700"
65,https://web.archive.org/web/20150324042453/https://www.apartments.com/chicago-il/3/,150 W Roosevelt Rd,1-2 Br,"$1,760 - $4,255"
66,https://web.archive.org/web/20150324042453/https://www.apartments.com/chicago-il/3/,532 W Roscoe St,Studio - 1 Br,"$998 - $1,483"
67,https://web.archive.org/web/20150324042453/https://www.apartments.com/chicago-il/3/,840 W Blackhawk St,Studio - 2 Br,"$1,794 - $4,117"
68,https://web.archive.org/web/20150324042453/https://www.apartments.com/chicago-il/3/,910 W Lake St,1-2 Br,"$1,395 - $2,400"
69,https://web.archive.org/web/20150324042453/https://www.apartments.com/chicago-il/3/,175 N Harbor Dr,Studio - 3 Br,"$1,400 - $4,255"
70,https://web.archive.org/web/20150324042453/https://www.apartments.com/chicago-il/3/,823 W Buena Ave,Studio - 1 Br,"$965 - $1,335"
71,https://web.archive.org/web/20150324042453/https://www.apartments.com/chicago-il/3/,5650 N Sheridan Rd,Studio - 2 Br,"$995 - $1,995"
72,https://web.archive.org/web/20150324042453/https://www.apartments.com/chicago-il/3/,2555 N Clark St,Studio - 2 Br,"$1,383 - $2,460"
73,https://web.archive.org/web/20150324042453/https://www.apartments.com/chicago-il/3/,345 E Ohio St,Studio - 3 Br,"$1,647 - $5,080"
74,https://web.archive.org/web/20150324042453/https://www.apartments.com/chicago-il/3/,2701 S Indiana Ave,Studio - 4 Br,"$872 - $1,480"
75,https://web.archive.org/web/20150905103027/https://www.apartments.com/chicago-il/3/,353 N Desplaines St,Studio - 2 Br,"$1,664 - $3,109"
76,https://web.archive.org/web/20150905103027/https://www.apartments.com/chicago-il/3/,5718 N Winthrop Ave,Studio - 2 Br,"$950 - $2,100"
77,https://web.archive.org/web/20150905103027/https://www.apartments.com/chicago-il/3/,1325 W Wilson Ave,Studio - 2 Br,"$925 - $1,600"
78,https://web.archive.org/web/20150905103027/https://www.apartments.com/chicago-il/3/,1936 N Clark St,Studio - 2 Br,"$1,175 - $1,995"
79,https://web.archive.org/web/20150905103027/https://www.apartments.com/chicago-il/3/,747 N Wabash Ave,Studio - 2 Br,"$1,815 - $7,275"
80,https://web.archive.org/web/20150905103027/https://www.apartments.com/chicago-il/3/,2138 S Indiana Ave,1-2 Br,"$1,632 - $3,233"
81,https://web.archive.org/web/20150905103027/https://www.apartments.com/chicago-il/3/,5550 S DORCHESTER Ave,Studio - 2 Br,"$902 - $2,500"
82,https://web.archive.org/web/20150905103027/https://www.apartments.com/chicago-il/3/,215 W Washington St,Studio - 3 Br,"$1,795 - $6,800"
83,https://web.archive.org/web/20150905103027/https://www.apartments.com/chicago-il/3/,448 E Ontario St,Studio - 2 Br,"$1,475 - $4,015"
84,https://web.archive.org/web/20150905103027/https://www.apartments.com/chicago-il/3/,77 W Huron St,Studio - 3 Br,"$1,590 - $5,360"
85,https://web.archive.org/web/20150905103027/https://www.apartments.com/chicago-il/3/,14 W Elm St,Studio - 2 Br,"$1,175 - $2,300"
86,https://web.archive.org/web/20150905103027/https://www.apartments.com/chicago-il/3/,833 W Buena Ave,1-3 Br,"$1,265 - $1,755"
87,https://web.archive.org/web/20150905103027/https://www.apartments.com/chicago-il/3/,410 S Morgan St,Studio - 4 Br,"$845 - $1,658"
88,https://web.archive.org/web/20150905103027/https://www.apartments.com/chicago-il/3/,1457 N Halsted St,Studio - 2 Br,"$1,667 - $4,341"
89,https://web.archive.org/web/20150905103027/https://www.apartments.com/chicago-il/3/,639-655 W Grace St,Studio - 1 Br,"$1,075 - $1,500"
90,https://web.archive.org/web/20150905103027/https://www.apartments.com/chicago-il/3/,1117 N Dearborn St,Studio - 1 Br,"$1,175 - $1,675"
91,https://web.archive.org/web/20150905103027/https://www.apartments.com/chicago-il/3/,5240 N Sheridan Rd,Studio - 2 Br,"$915 - $1,232"
92,https://web.archive.org/web/20150905103027/https://www.apartments.com/chicago-il/3/,4607 N Sheridan Rd,1-2 Br,"$1,195 - $1,695"
93,https://web.archive.org/web/20150905103027/https://www.apartments.com/chicago-il/3/,24 S Morgan St,1-3 Br,"$1,945 - $4,300"
94,https://web.archive.org/web/20150905103027/https://www.apartments.com/chicago-il/3/,4157 N Clarendon,Studio - 1 Br,"$975 - $1,300"
95,https://web.archive.org/web/20150905103027/https://www.apartments.com/chicago-il/3/,1100 N Dearborn St,Studio - 1 Br,"$1,275 - $1,690"
96,https://web.archive.org/web/20150905103027/https://www.apartments.com/chicago-il/3/,441 W Oakdale Ave,Studio - 1 Br,"$1,495 - $1,615"
97,https://web.archive.org/web/20150905103027/https://www.apartments.com/chicago-il/3/,4600 N Clarendon Ave,1-2 Br,"$1,175 - $1,300"
98,https://web.archive.org/web/20150905103027/https://www.apartments.com/chicago-il/3/,910 W Lake St,1-2 Br,"$1,580 - $2,500"
99,https://web.archive.org/web/20150905103027/https://www.apartments.com/chicago-il/3/,6104 S Woodlawn Ave,Studio - 1 Br,$628 - $995
100,https://web.archive.org/web/20150325120043/https://www.apartments.com/chicago-il/4/,2470 N Clark St,Studio - 1 Br,"$1,422 - $1,851"
101,https://web.archive.org/web/20150325120043/https://www.apartments.com/chicago-il/4/,840 W Blackhawk St,Studio - 2 Br,Call for Rent
102,https://web.archive.org/web/20150325120043/https://www.apartments.com/chicago-il/4/,8 E 9th St,Studio - 2 Br,"$1,606 - $4,000"
103,https://web.archive.org/web/20150325120043/https://www.apartments.com/chicago-il/4/,345 E Ohio St,Studio - 3 Br,"$1,517 - $5,080"
104,https://web.archive.org/web/20150325120043/https://www.apartments.com/chicago-il/4/,1380 E Hyde Park Blvd,1-2 Br,"$958 - $1,597"
105,https://web.archive.org/web/20150325120043/https://www.apartments.com/chicago-il/4/,175 N Harbor Dr,Studio - 3 Br,"$1,385 - $4,275"
106,https://web.archive.org/web/20150325120043/https://www.apartments.com/chicago-il/4/,185 N Wabash Ave,Studio - 2 Br,"$1,455 - $4,700"
107,https://web.archive.org/web/20150325120043/https://www.apartments.com/chicago-il/4/,4607 N Sheridan Rd,1-2 Br,"$1,145 - $1,595"
108,https://web.archive.org/web/20150325120043/https://www.apartments.com/chicago-il/4/,5650 N Sheridan Rd,Studio - 2 Br,"$995 - $1,995"
109,https://web.archive.org/web/20150325120043/https://www.apartments.com/chicago-il/4/,5441 NE River Rd,Studio - 4 Br,"$864 - $1,977"
110,https://web.archive.org/web/20150325120043/https://www.apartments.com/chicago-il/4/,5326 S Cornell Ave,Studio - 1 Br,$840 - $940
111,https://web.archive.org/web/20150325120043/https://www.apartments.com/chicago-il/4/,1212 S Michigan Ave,Studio - 2 Br,"$1,398 - $2,465"
112,https://web.archive.org/web/20150325120043/https://www.apartments.com/chicago-il/4/,5541 S Everett Ave,Studio - 2 Br,"$695 - $1,494"
113,https://web.archive.org/web/20150325120043/https://www.apartments.com/chicago-il/4/,360 W Hubbard St,Studio - 2 Br,"$1,775 - $4,172"
114,https://web.archive.org/web/20150325120043/https://www.apartments.com/chicago-il/4/,1220 N State Pky,Studio - 1 Br,"$1,050 - $1,650"
115,https://web.archive.org/web/20150325120043/https://www.apartments.com/chicago-il/4/,188 W Randolph St,Studio - 2 Br,"$1,410 - $5,100"
116,https://web.archive.org/web/20150325120043/https://www.apartments.com/chicago-il/4/,2555 N Clark St,Studio - 2 Br,"$1,383 - $2,460"
117,https://web.archive.org/web/20150325120043/https://www.apartments.com/chicago-il/4/,869 W Buena Ave,Studio - 2 Br,"$875 - $1,600"
118,https://web.archive.org/web/20150325120043/https://www.apartments.com/chicago-il/4/,1730 N Clark St,Studio - 3 Br,"$1,659 - $8,465"
119,https://web.archive.org/web/20150325120043/https://www.apartments.com/chicago-il/4/,300 W Hill St,Studio - 3 Br,"$1,013 - $1,447"
120,https://web.archive.org/web/20150325120043/https://www.apartments.com/chicago-il/4/,5050 N Sheridan Rd,1-2 Br,"$1,175 - $1,600"
121,https://web.archive.org/web/20150325120043/https://www.apartments.com/chicago-il/4/,150 W Roosevelt Rd,1-2 Br,"$1,760 - $4,255"
122,https://web.archive.org/web/20150325120043/https://www.apartments.com/chicago-il/4/,910 W Lake St,1-2 Br,"$1,395 - $2,400"
123,https://web.archive.org/web/20150325120043/https://www.apartments.com/chicago-il/4/,1100 N Dearborn St,Studio - 1 Br,"$1,420 - $1,650"
124,https://web.archive.org/web/20150325120043/https://www.apartments.com/chicago-il/4/,77 W Huron St,Studio - 3 Br,"$1,605 - $3,365"
125,https://web.archive.org/web/20150905070718/https://www.apartments.com/chicago-il/4/,4242 N Sheridan Rd,Studio - 2 Br,"$1,250 - $2,300"
126,https://web.archive.org/web/20150905070718/https://www.apartments.com/chicago-il/4/,1140 N Lasalle St,Studio - 1 Br,"$1,100 - $1,600"
127,https://web.archive.org/web/20150905070718/https://www.apartments.com/chicago-il/4/,1340 W Morse Ave,Studio - 2 Br,"$887 - $1,398"
128,https://web.archive.org/web/20150905070718/https://www.apartments.com/chicago-il/4/,1111 N Dearborn Ave,Studio - 3 Br,"$1,370 - $3,350"
129,https://web.archive.org/web/20150905070718/https://www.apartments.com/chicago-il/4/,2300 S Michigan Ave,1-2 Br,"$1,625 - $2,775"
130,https://web.archive.org/web/20150905070718/https://www.apartments.com/chicago-il/4/,5650 N Sheridan Rd,Studio - 2 Br,"$995 - $2,000"
131,https://web.archive.org/web/20150905070718/https://www.apartments.com/chicago-il/4/,6700 S Oglesby Ave,Studio - 2 Br,"$833 - $1,520"
132,https://web.archive.org/web/20150905070718/https://www.apartments.com/chicago-il/4/,3130 N Lake Shore Dr,Studio - 2 Br,"$1,325 - $1,395"
133,https://web.archive.org/web/20150905070718/https://www.apartments.com/chicago-il/4/,175 N Harbor Dr,Studio - 3 Br,"$1,500 - $4,470"
134,https://web.archive.org/web/20150905070718/https://www.apartments.com/chicago-il/4/,4157 N Clarendon,Studio - 1 Br,"$975 - $1,300"
135,https://web.archive.org/web/20150905070718/https://www.apartments.com/chicago-il/4/,430 W Diversey Pky,Studio - 2 Br,"$1,285 - $1,350"
136,https://web.archive.org/web/20150905070718/https://www.apartments.com/chicago-il/4/,434 W Wellington Ave,Studio - 1 Br,"$900 - $1,235"
137,https://web.archive.org/web/20150905070718/https://www.apartments.com/chicago-il/4/,188 W Randolph St,Studio - 2 Br,"$1,510 - $5,620"
138,https://web.archive.org/web/20150905070718/https://www.apartments.com/chicago-il/4/,5050 N Sheridan Rd,1-2 Br,"$1,150 - $1,500"
139,https://web.archive.org/web/20150905070718/https://www.apartments.com/chicago-il/4/,3740 N Halsted St,Studio - 3 Br,"$1,607 - $4,982"
140,https://web.archive.org/web/20150905070718/https://www.apartments.com/chicago-il/4/,1380 E Hyde Park Blvd,1-2 Br,"$970 - $1,402"
141,https://web.archive.org/web/20150905070718/https://www.apartments.com/chicago-il/4/,5240 N Sheridan Rd,Studio - 2 Br,"$915 - $1,232"
142,https://web.archive.org/web/20150905070718/https://www.apartments.com/chicago-il/4/,7000 S Shore Dr,Studio - 4 Br,"$653 - $2,402"
143,https://web.archive.org/web/20150905070718/https://www.apartments.com/chicago-il/4/,5009 N Sheridan Rd,Studio - 2 Br,"$1,239 - $2,100"
144,https://web.archive.org/web/20150905070718/https://www.apartments.com/chicago-il/4/,4334 N Hazel St,Studio - 2 Br,"$1,205 - $2,985"
145,https://web.archive.org/web/20150905070718/https://www.apartments.com/chicago-il/4/,2470 N Clark St,Studio - 1 Br,"$1,492 - $1,819"
146,https://web.archive.org/web/20150905070718/https://www.apartments.com/chicago-il/4/,910 W Lake St,1-2 Br,"$1,580 - $2,500"
147,https://web.archive.org/web/20150905070718/https://www.apartments.com/chicago-il/4/,5326 S Cornell Ave,Studio - 1 Br,$806 - $995
148,https://web.archive.org/web/20150905070718/https://www.apartments.com/chicago-il/4/,1100 N Dearborn St,Studio - 1 Br,"$1,275 - $1,690"
149,https://web.archive.org/web/20150905070718/https://www.apartments.com/chicago-il/4/,1220 N State Pky,Studio - 1 Br,"$1,050 - $1,650"
150,https://web.archive.org/web/20150325123036/https://www.apartments.com/chicago-il/5/,1380 E Hyde Park Blvd,1-2 Br,"$958 - $1,597"
151,https://web.archive.org/web/20150325123036/https://www.apartments.com/chicago-il/5/,1730 N Clark St,Studio - 3 Br,"$1,659 - $8,465"
152,https://web.archive.org/web/20150325123036/https://www.apartments.com/chicago-il/5/,345 E Ohio St,Studio - 3 Br,"$1,517 - $5,080"
153,https://web.archive.org/web/20150325123036/https://www.apartments.com/chicago-il/5/,750 N Dearborn St,Studio - 2 Br,"$1,445 - $2,521"
154,https://web.archive.org/web/20150325123036/https://www.apartments.com/chicago-il/5/,1901-1907 W Wilson Ave,1-2 Br,"$1,100 - $1,600"
155,https://web.archive.org/web/20150325123036/https://www.apartments.com/chicago-il/5/,7427 S South Shore Dr,Studio - 2 Br,$995
156,https://web.archive.org/web/20150325123036/https://www.apartments.com/chicago-il/5/,65 E Scott St,Studio - 2 Br,"$1,179 - $2,195"
157,https://web.archive.org/web/20150325123036/https://www.apartments.com/chicago-il/5/,10 E Ontario St,Studio - 2 Br,"$1,475 - $3,000"
158,https://web.archive.org/web/20150325123036/https://www.apartments.com/chicago-il/5/,420 E Ohio St,Studio - 3 Br,"$1,690 - $4,560"
159,https://web.archive.org/web/20150325123036/https://www.apartments.com/chicago-il/5/,1935 S Wabash Ave,1-3 Br,"$1,610 - $2,805"
160,https://web.archive.org/web/20150325123036/https://www.apartments.com/chicago-il/5/,5100 S Cornell Ave,Studio - 2 Br,"$720 - $1,276"
161,https://web.archive.org/web/20150325123036/https://www.apartments.com/chicago-il/5/,2150 N Lincoln Park W,Studio - 2 Br,"$1,050 - $2,600"
162,https://web.archive.org/web/20150325123036/https://www.apartments.com/chicago-il/5/,1030 N Dearborn St,Studio,"$800 - $1,100"
163,https://web.archive.org/web/20150325123036/https://www.apartments.com/chicago-il/5/,4750 N Clarendon Ave,Studio - 1 Br,"$860 - $1,160"
164,https://web.archive.org/web/20150325123036/https://www.apartments.com/chicago-il/5/,333 E Ontario St,Studio - 2 Br,"$1,404 - $2,865"
165,https://web.archive.org/web/20150325123036/https://www.apartments.com/chicago-il/5/,525-537 S Dearborn St,Studio - 2 Br,"$1,325 - $1,995"
166,https://web.archive.org/web/20150325123036/https://www.apartments.com/chicago-il/5/,730 S Clark St,1-2 Br,"$1,716 - $6,182"
167,https://web.archive.org/web/20150325123036/https://www.apartments.com/chicago-il/5/,215 E Chestnut St,1-2 Br,"$1,600 - $3,545"
168,https://web.archive.org/web/20150325123036/https://www.apartments.com/chicago-il/5/,6401 N Sheridan Rd,Studio - 2 Br,"$950 - $1,595"
169,https://web.archive.org/web/20150325123036/https://www.apartments.com/chicago-il/5/,5240 N Sheridan Rd,Studio - 2 Br,"$925 - $1,500"
170,https://web.archive.org/web/20150325123036/https://www.apartments.com/chicago-il/5/,4050-4064 W 115th St,Studio - 2 Br,"$580 - $1,290"
171,https://web.archive.org/web/20150325123036/https://www.apartments.com/chicago-il/5/,901 S Ashland Ave,Studio - 2 Br,"$1,290 - $2,315"
172,https://web.archive.org/web/20150325123036/https://www.apartments.com/chicago-il/5/,40 E Oak St,Studio - 1 Br,"$1,090 - $1,680"
173,https://web.archive.org/web/20150325123036/https://www.apartments.com/chicago-il/5/,670 W Wayman St,1-3 Br,"$1,875 - $8,604"
174,https://web.archive.org/web/20150325123036/https://www.apartments.com/chicago-il/5/,1117 N Dearborn St,Studio - 1 Br,"$1,050 - $1,700"
175,https://web.archive.org/web/20150905085746/https://www.apartments.com/chicago-il/5/,5009 N Sheridan Rd,Studio - 2 Br,"$1,239 - $2,100"
176,https://web.archive.org/web/20150905085746/https://www.apartments.com/chicago-il/5/,4334 N Hazel St,Studio - 2 Br,"$1,205 - $2,985"
177,https://web.archive.org/web/20150905085746/https://www.apartments.com/chicago-il/5/,300 W Hill St,Studio - 3 Br,"$1,064 - $1,519"
178,https://web.archive.org/web/20150905085746/https://www.apartments.com/chicago-il/5/,5254 S Dorchester Ave,Studio - 2 Br,"$849 - $1,140"
179,https://web.archive.org/web/20150905085746/https://www.apartments.com/chicago-il/5/,1940 N Lincoln Park,Studio,"$1,025 - $1,035"
180,https://web.archive.org/web/20150905085746/https://www.apartments.com/chicago-il/5/,2470 N Clark St,Studio - 1 Br,"$1,492 - $1,819"
181,https://web.archive.org/web/20150905085746/https://www.apartments.com/chicago-il/5/,441 W Oakdale Ave,Studio - 1 Br,"$1,495 - $1,615"
182,https://web.archive.org/web/20150905085746/https://www.apartments.com/chicago-il/5/,515 W Briar Pl,Studio - 1 Br,"$1,225 - $1,345"
183,https://web.archive.org/web/20150905085746/https://www.apartments.com/chicago-il/5/,5650 N Sheridan Rd,Studio - 2 Br,"$995 - $2,000"
184,https://web.archive.org/web/20150905085746/https://www.apartments.com/chicago-il/5/,869 W Buena Ave,Studio - 2 Br,"$850 - $1,750"
185,https://web.archive.org/web/20150905085746/https://www.apartments.com/chicago-il/5/,1380 E Hyde Park Blvd,1-2 Br,"$970 - $1,402"
186,https://web.archive.org/web/20150905085746/https://www.apartments.com/chicago-il/5/,6104 S Woodlawn Ave,Studio - 1 Br,$628 - $995
187,https://web.archive.org/web/20150905085746/https://www.apartments.com/chicago-il/5/,5240 N Sheridan Rd,Studio - 2 Br,"$915 - $1,232"
188,https://web.archive.org/web/20150905085746/https://www.apartments.com/chicago-il/5/,5500 S Shore Dr,Studio - 2 Br,"$929 - $1,679"
189,https://web.archive.org/web/20150905085746/https://www.apartments.com/chicago-il/5/,4600 N Clarendon Ave,1-2 Br,"$1,175 - $1,300"
190,https://web.archive.org/web/20150905085746/https://www.apartments.com/chicago-il/5/,1030 N Dearborn St,Studio,"$1,045 - $1,055"
191,https://web.archive.org/web/20150905085746/https://www.apartments.com/chicago-il/5/,1 E Delaware Pl,Studio - 2 Br,"$1,520 - $4,140"
192,https://web.archive.org/web/20150905085746/https://www.apartments.com/chicago-il/5/,7427 S South Shore Dr,Studio - 2 Br,"$621 - $1,250"
193,https://web.archive.org/web/20150905085746/https://www.apartments.com/chicago-il/5/,1030 E 47th St,2 Br,"$1,195 - $1,280"
194,https://web.archive.org/web/20150905085746/https://www.apartments.com/chicago-il/5/,2150 N Lincoln Park W,1-2 Br,"$1,550 - $2,600"
195,https://web.archive.org/web/20150905085746/https://www.apartments.com/chicago-il/5/,10 E Ontario St,Studio - 2 Br,"$1,550 - $3,200"
196,https://web.archive.org/web/20150905085746/https://www.apartments.com/chicago-il/5/,445 E Ohio St,1-2 Br,"$1,521 - $2,377"
197,https://web.archive.org/web/20150905085746/https://www.apartments.com/chicago-il/5/,420 E Ohio St,Studio - 3 Br,"$1,730 - $4,600"
198,https://web.archive.org/web/20150905085746/https://www.apartments.com/chicago-il/5/,7100 S South Shore Dr,Studio - 2 Br,"$669 - $1,200"
199,https://web.archive.org/web/20150905085746/https://www.apartments.com/chicago-il/5/,670 W Wayman St,1-3 Br,"$2,145 - $8,604"
200,https://web.archive.org/web/20150411092130/https://www.apartments.com/chicago-il/6/,1901-1907 W Wilson Ave,1-2 Br,"$1,100 - $1,515"
201,https://web.archive.org/web/20150411092130/https://www.apartments.com/chicago-il/6/,525-537 S Dearborn St,Studio - 2 Br,"$1,325 - $1,995"
202,https://web.archive.org/web/20150411092130/https://www.apartments.com/chicago-il/6/,536 W Addison St,Studio - 1 Br,"$975 - $1,195"
203,https://web.archive.org/web/20150411092130/https://www.apartments.com/chicago-il/6/,445 E Ohio St,Studio - 2 Br,"$1,367 - $2,462"
204,https://web.archive.org/web/20150411092130/https://www.apartments.com/chicago-il/6/,5100 S Cornell Ave,Studio - 2 Br,"$723 - $1,278"
205,https://web.archive.org/web/20150411092130/https://www.apartments.com/chicago-il/6/,1649 E 50th St,Studio - 3 Br,"$980 - $1,865"
206,https://web.archive.org/web/20150411092130/https://www.apartments.com/chicago-il/6/,639-655 W Grace St,Studio - 1 Br,"$825 - $1,450"
207,https://web.archive.org/web/20150411092130/https://www.apartments.com/chicago-il/6/,215 E Chestnut St,1-2 Br,"$1,600 - $3,545"
208,https://web.archive.org/web/20150411092130/https://www.apartments.com/chicago-il/6/,1030 N Dearborn St,Studio,"$800 - $1,100"
209,https://web.archive.org/web/20150411092130/https://www.apartments.com/chicago-il/6/,222 W Erie St,1-3 Br,"$2,271 - $6,365"
210,https://web.archive.org/web/20150411092130/https://www.apartments.com/chicago-il/6/,2933 N Sheridan Rd,1-3 Br,"$1,485 - $3,020"
211,https://web.archive.org/web/20150411092130/https://www.apartments.com/chicago-il/6/,2756 N Pine Grove Ave,1-2 Br,"$1,425 - $1,925"
212,https://web.archive.org/web/20150411092130/https://www.apartments.com/chicago-il/6/,333 E Ontario St,Studio - 2 Br,"$1,429 - $2,965"
213,https://web.archive.org/web/20150411092130/https://www.apartments.com/chicago-il/6/,4750 N Clarendon Ave,Studio - 1 Br,"$860 - $1,120"
214,https://web.archive.org/web/20150411092130/https://www.apartments.com/chicago-il/6/,510 W Belmont Ave,1-3 Br,"$1,325 - $2,100"
215,https://web.archive.org/web/20150411092130/https://www.apartments.com/chicago-il/6/,40 E Oak St,Studio - 1 Br,"$1,090 - $1,680"
216,https://web.archive.org/web/20150411092130/https://www.apartments.com/chicago-il/6/,233 E Wacker Dr,1-2 Br,"$1,504 - $3,381"
217,https://web.archive.org/web/20150411092130/https://www.apartments.com/chicago-il/6/,1660 E 55th St,Studio - 2 Br,"$900 - $1,668"
218,https://web.archive.org/web/20150411092130/https://www.apartments.com/chicago-il/6/,2628-2634 N Hampden Ct,Studio - 1 Br,"$1,070 - $1,315"
219,https://web.archive.org/web/20150411092130/https://www.apartments.com/chicago-il/6/,2150 N Lincoln Park W,Studio - 2 Br,"$1,050 - $2,600"
220,https://web.archive.org/web/20150411092130/https://www.apartments.com/chicago-il/6/,1117 N Dearborn St,Studio - 1 Br,"$1,050 - $1,700"
221,https://web.archive.org/web/20150411092130/https://www.apartments.com/chicago-il/6/,1935 S Wabash Ave,1-3 Br,"$1,610 - $2,805"
222,https://web.archive.org/web/20150411092130/https://www.apartments.com/chicago-il/6/,65 E Scott St,Studio - 2 Br,"$1,179 - $2,195"
223,https://web.archive.org/web/20150411092130/https://www.apartments.com/chicago-il/6/,5600 N Sheridan Rd,Studio - 3 Br,"$790 - $1,800"
224,https://web.archive.org/web/20150411092130/https://www.apartments.com/chicago-il/6/,1260 N Dearborn St,Studio - 1 Br,"$1,050 - $1,800"
225,https://web.archive.org/web/20150609161610/https://www.apartments.com/chicago-il/17/,6512 S Champlain Ave,House for Rent,"$1,100"
226,https://web.archive.org/web/20150609161610/https://www.apartments.com/chicago-il/17/,5950 S Lowe Ave,House for Rent,$975
227,https://web.archive.org/web/20150609161610/https://www.apartments.com/chicago-il/17/,7921 S Union Ave,Condo for Rent,"$1,350"
228,https://web.archive.org/web/20150609161610/https://www.apartments.com/chicago-il/17/,1827 W Oakdale Ave,Townhome for Rent,"$2,500"
229,https://web.archive.org/web/20150609161610/https://www.apartments.com/chicago-il/17/,111 W Maple St,Condo for Rent,"$1,795"
230,https://web.archive.org/web/20150609161610/https://www.apartments.com/chicago-il/17/,2629 N Hampden Ct,Condo for Rent,"$1,375"
231,https://web.archive.org/web/20150609161610/https://www.apartments.com/chicago-il/17/,4823-4829 W Addison St,1 Br,$795
232,https://web.archive.org/web/20150609161610/https://www.apartments.com/chicago-il/17/,1009-1015 N Clark St,Studio,$815
233,https://web.archive.org/web/20150609161610/https://www.apartments.com/chicago-il/17/,8846 S Houston Ave,House for Rent,"$1,100"
234,https://web.archive.org/web/20150609161610/https://www.apartments.com/chicago-il/17/,13215 S Indiana Ave,3 Br,$988
235,https://web.archive.org/web/20150609161610/https://www.apartments.com/chicago-il/17/,1636 W North Shore Ave,House for Rent,"$1,275"
236,https://web.archive.org/web/20150609161610/https://www.apartments.com/chicago-il/17/,5633 S Loomis Blvd,House for Rent,$700
237,https://web.archive.org/web/20150609161610/https://www.apartments.com/chicago-il/17/,1509-1517 E 57th St,2 Br,"$1,605 - $2,150"
238,https://web.archive.org/web/20150609161610/https://www.apartments.com/chicago-il/17/,7733 S South Shore Dr,Studio - 2 Br,$550 - $775
239,https://web.archive.org/web/20150609161610/https://www.apartments.com/chicago-il/17/,2912 N Burling St,Condo for Rent,"$1,950"
240,https://web.archive.org/web/20150609161610/https://www.apartments.com/chicago-il/17/,4555 S Champlain Ave,House for Rent,$925
241,https://web.archive.org/web/20150609161610/https://www.apartments.com/chicago-il/17/,7834 S Ellis Ave,1 Br,$650
242,https://web.archive.org/web/20150609161610/https://www.apartments.com/chicago-il/17/,4706 N Beacon St,1 Br,$850 - $925
243,https://web.archive.org/web/20150609161610/https://www.apartments.com/chicago-il/17/,600 W Drummond Pl,Condo for Rent,"$2,800"
244,https://web.archive.org/web/20150609161610/https://www.apartments.com/chicago-il/17/,3323-3325 N Lakewood Ave,1 Br,"$1,620"
245,https://web.archive.org/web/20150609161610/https://www.apartments.com/chicago-il/17/,50 E 26th St,Condo for Rent,"$2,150"
246,https://web.archive.org/web/20150609161610/https://www.apartments.com/chicago-il/17/,2652 W 64th St,House for Rent,$749
247,https://web.archive.org/web/20150609161610/https://www.apartments.com/chicago-il/17/,2437 S Hamlin Ave,Townhome for Rent,"$1,200"
248,https://web.archive.org/web/20150609161610/https://www.apartments.com/chicago-il/17/,7301 N Sheridan Rd,Studio - 2 Br,"$695 - $1,375"
249,https://web.archive.org/web/20150609161610/https://www.apartments.com/chicago-il/17/,300 N Canal St,1-2 Br,"$2,136 - $3,243"
250,https://web.archive.org/web/20150630130036/https://www.apartments.com/chicago-il/18/,4855 S Evans Ave,House for Rent,$875
251,https://web.archive.org/web/20150630130036/https://www.apartments.com/chicago-il/18/,758 N Larrabee St,Condo for Rent,"$2,800"
252,https://web.archive.org/web/20150630130036/https://www.apartments.com/chicago-il/18/,5701 S Emerald Ave,Condo for Rent,$725
253,https://web.archive.org/web/20150630130036/https://www.apartments.com/chicago-il/18/,13215 S Indiana Ave,1-3 Br,$676 - $988
254,https://web.archive.org/web/20150630130036/https://www.apartments.com/chicago-il/18/,4527 S Drexel Blvd,Condo for Rent,"$1,395"
255,https://web.archive.org/web/20150630130036/https://www.apartments.com/chicago-il/18/,7951 S Ada St,Condo for Rent,$800
256,https://web.archive.org/web/20150630130036/https://www.apartments.com/chicago-il/18/,4706 N Beacon St,1 Br,$975
257,https://web.archive.org/web/20150630130036/https://www.apartments.com/chicago-il/18/,1255 S Michigan Ave,1-2 Br,"$1,884 - $5,476"
258,https://web.archive.org/web/20150630130036/https://www.apartments.com/chicago-il/18/,4659 S Drexel Blvd,1-2 Br,"$1,075 - $2,085"
259,https://web.archive.org/web/20150630130036/https://www.apartments.com/chicago-il/18/,1900-1906 W Pratt Blvd,1 Br,$825
260,https://web.archive.org/web/20150630130036/https://www.apartments.com/chicago-il/18/,680 N Lake Shore Dr,Condo for Rent,"$4,250"
261,https://web.archive.org/web/20150630130036/https://www.apartments.com/chicago-il/18/,50 E 26th St,Condo for Rent,"$2,150"
262,https://web.archive.org/web/20150630130036/https://www.apartments.com/chicago-il/18/,1931 E 71st St,Condo for Rent,$685
263,https://web.archive.org/web/20150630130036/https://www.apartments.com/chicago-il/18/,8455 S Mackinaw Ave,House for Rent,$950
264,https://web.archive.org/web/20150630130036/https://www.apartments.com/chicago-il/18/,2437 S Hamlin Ave,Townhome for Rent,"$1,000"
265,https://web.archive.org/web/20150630130036/https://www.apartments.com/chicago-il/18/,551 E 68th St,Condo for Rent,$700
266,https://web.archive.org/web/20150630130036/https://www.apartments.com/chicago-il/18/,5120 S Hyde Park Blvd,1 Br,"$813 - $1,098"
267,https://web.archive.org/web/20150630130036/https://www.apartments.com/chicago-il/18/,5201 S Cornell Ave,Condo for Rent,"$2,500"
268,https://web.archive.org/web/20150630130036/https://www.apartments.com/chicago-il/18/,1509-1517 E 57th St,2 Br,"$1,475 - $2,030"
269,https://web.archive.org/web/20150630130036/https://www.apartments.com/chicago-il/18/,7834 S Ellis Ave,2 Br,$750
270,https://web.archive.org/web/20150630130036/https://www.apartments.com/chicago-il/18/,3126-3128 N Spaulding Ave,1 Br,"$1,200"
271,https://web.archive.org/web/20150630130036/https://www.apartments.com/chicago-il/18/,2727 W Riverview Pky,Townhome for Rent,"$3,150"
272,https://web.archive.org/web/20150630130036/https://www.apartments.com/chicago-il/18/,3103 W Wilson Ave,Townhome for Rent,"$1,500"
273,https://web.archive.org/web/20150630130036/https://www.apartments.com/chicago-il/18/,7722-7732 S Jeffery Blvd,1 Br,$725
274,https://web.archive.org/web/20150630130036/https://www.apartments.com/chicago-il/18/,1514 E 67th Pl,Condo for Rent,"$1,100"
275,https://web.archive.org/web/20150411072854/https://www.apartments.com/chicago-il/19/,7208 S Peoria St,House for Rent,"$1,100"
276,https://web.archive.org/web/20150411072854/https://www.apartments.com/chicago-il/19/,7736 N Ashland Ave,2 Br,$895
277,https://web.archive.org/web/20150411072854/https://www.apartments.com/chicago-il/19/,301 N Central Park Ave,3 Br,"$1,300"
278,https://web.archive.org/web/20150411072854/https://www.apartments.com/chicago-il/19/,3716 N Paulina St,Condo for Rent,"$2,250"
279,https://web.archive.org/web/20150411072854/https://www.apartments.com/chicago-il/19/,2858 N Long Ave,Condo for Rent,"$1,250"
280,https://web.archive.org/web/20150411072854/https://www.apartments.com/chicago-il/19/,325 W Eugenie St,Townhome for Rent,"$3,300"
281,https://web.archive.org/web/20150411072854/https://www.apartments.com/chicago-il/19/,8044 S Escanaba Ave,House for Rent,"$1,100"
282,https://web.archive.org/web/20150411072854/https://www.apartments.com/chicago-il/19/,5400 N Sheridan Rd,Condo for Rent,"$1,600"
283,https://web.archive.org/web/20150411072854/https://www.apartments.com/chicago-il/19/,6276-6280 W North Ave,1 Br,$775
284,https://web.archive.org/web/20150411072854/https://www.apartments.com/chicago-il/19/,2921 S Michigan Ave,Condo for Rent,"$1,150"
285,https://web.archive.org/web/20150411072854/https://www.apartments.com/chicago-il/19/,2031 W Moffat St,Condo for Rent,"$2,100"
286,https://web.archive.org/web/20150411072854/https://www.apartments.com/chicago-il/19/,10208 S Walden Pky,1 Br,$685
287,https://web.archive.org/web/20150411072854/https://www.apartments.com/chicago-il/19/,7255 S Euclid Ave,2 Br,$850
288,https://web.archive.org/web/20150411072854/https://www.apartments.com/chicago-il/19/,6943 S King Dr,House for Rent,$950
289,https://web.archive.org/web/20150411072854/https://www.apartments.com/chicago-il/19/,300 N Canal St,Studio - 2 Br,"$1,574 - $3,409"
290,https://web.archive.org/web/20150411072854/https://www.apartments.com/chicago-il/19/,1555 N Astor St,Condo for Rent,"$4,800"
291,https://web.archive.org/web/20150411072854/https://www.apartments.com/chicago-il/19/,920 W Madison St,House for Rent,"$2,100"
292,https://web.archive.org/web/20150411072854/https://www.apartments.com/chicago-il/19/,8455 S Mackinaw Ave,House for Rent,$950
293,https://web.archive.org/web/20150411072854/https://www.apartments.com/chicago-il/19/,180 N Jefferson St,Condo for Rent,"$1,670"
294,https://web.archive.org/web/20150411072854/https://www.apartments.com/chicago-il/19/,1908 W Touhy Ave,Condo for Rent,"$1,200"
295,https://web.archive.org/web/20150411072854/https://www.apartments.com/chicago-il/19/,1751-1761 E 73rd Pl,1 Br,$700
296,https://web.archive.org/web/20150411072854/https://www.apartments.com/chicago-il/19/,3440 N Lake Shore Dr,Condo for Rent,"$2,600"
297,https://web.archive.org/web/20150411072854/https://www.apartments.com/chicago-il/19/,1313 W Randolph St,2 Br,"$2,315 - $3,130"
298,https://web.archive.org/web/20150411072854/https://www.apartments.com/chicago-il/19/,5348-5358 N Cumberland Ave,2 Br,"$1,350"
299,https://web.archive.org/web/20150411072854/https://www.apartments.com/chicago-il/19/,3239 N Leavitt St,Condo for Rent,"$1,500"
300,https://web.archive.org/web/20150325131658/https://www.apartments.com/chicago-il/20/,337 S Leavitt St,Condo for Rent,"$2,250"
301,https://web.archive.org/web/20150325131658/https://www.apartments.com/chicago-il/20/,7834 S Champlain Ave,Condo for Rent,"$1,200"
302,https://web.archive.org/web/20150325131658/https://www.apartments.com/chicago-il/20/,2938 W 38th Pl,House for Rent,"$1,400"
303,https://web.archive.org/web/20150325131658/https://www.apartments.com/chicago-il/20/,2609 W Belmont Ave,2 Br,"$1,900"
304,https://web.archive.org/web/20150325131658/https://www.apartments.com/chicago-il/20/,4867-4871 N Washtenaw Ave,2 Br,"$1,400"
305,https://web.archive.org/web/20150325131658/https://www.apartments.com/chicago-il/20/,901 W Argyle St,1 Br,"$1,075"
306,https://web.archive.org/web/20150325131658/https://www.apartments.com/chicago-il/20/,401 N Wabash Ave,Condo for Rent,"$3,200"
307,https://web.archive.org/web/20150325131658/https://www.apartments.com/chicago-il/20/,440 N Mcclurg Ct,Condo for Rent,"$1,650"
308,https://web.archive.org/web/20150325131658/https://www.apartments.com/chicago-il/20/,414 E 109th St,Townhome for Rent,"$1,250"
309,https://web.archive.org/web/20150325131658/https://www.apartments.com/chicago-il/20/,3527 S Wallace St,1 Br,"$1,415 - $1,625"
310,https://web.archive.org/web/20150325131658/https://www.apartments.com/chicago-il/20/,3016 W Medill Ave,Condo for Rent,"$2,995"
311,https://web.archive.org/web/20150325131658/https://www.apartments.com/chicago-il/20/,10637 S State St,House for Rent,"$1,375"
312,https://web.archive.org/web/20150325131658/https://www.apartments.com/chicago-il/20/,1222 W Madison St,1-2 Br,"$1,925 - $2,795"
313,https://web.archive.org/web/20150325131658/https://www.apartments.com/chicago-il/20/,2046 N Orleans St,Studio - 2 Br,"$995 - $1,950"
314,https://web.archive.org/web/20150325131658/https://www.apartments.com/chicago-il/20/,5030-5034 W North Ave,2-3 Br,"$950 - $1,200"
315,https://web.archive.org/web/20150325131658/https://www.apartments.com/chicago-il/20/,11614 S Vincennes Ave,House for Rent,"$1,550"
316,https://web.archive.org/web/20150325131658/https://www.apartments.com/chicago-il/20/,345 N Canal St,Condo for Rent,"$2,350"
317,https://web.archive.org/web/20150325131658/https://www.apartments.com/chicago-il/20/,5031 S Indiana Ave,House for Rent,"$1,200"
318,https://web.archive.org/web/20150325131658/https://www.apartments.com/chicago-il/20/,6700 S South Shore Dr,Condo for Rent,"$1,745"
319,https://web.archive.org/web/20150325131658/https://www.apartments.com/chicago-il/20/,2713 W Maypole Ave,Condo for Rent,"$1,500"
320,https://web.archive.org/web/20150325131658/https://www.apartments.com/chicago-il/20/,7850 S Constance Ave,Studio,$480
321,https://web.archive.org/web/20150325131658/https://www.apartments.com/chicago-il/20/,1219 W Albion Ave,2 Br,"$1,950 - $2,000"
322,https://web.archive.org/web/20150325131658/https://www.apartments.com/chicago-il/20/,530 N Lake Shore Dr,Condo for Rent,"$2,300"
323,https://web.archive.org/web/20150325131658/https://www.apartments.com/chicago-il/20/,5044 N Marine Dr,Condo for Rent,"$1,225"
324,https://web.archive.org/web/20150325131658/https://www.apartments.com/chicago-il/20/,1935 S Wabash Ave,Condo for Rent,"$2,975"
325,https://web.archive.org/web/20150905073633/https://www.apartments.com/chicago-il/20/,1123 N Christiana Ave,House for Rent,"$1,050"
326,https://web.archive.org/web/20150905073633/https://www.apartments.com/chicago-il/20/,800 S Wells St,Condo for Rent,"$4,900"
327,https://web.archive.org/web/20150905073633/https://www.apartments.com/chicago-il/20/,2957 N Damen Ave,1 Br,$995
328,https://web.archive.org/web/20150905073633/https://www.apartments.com/chicago-il/20/,1151 W 15th St,Condo for Rent,"$2,000"
329,https://web.archive.org/web/20150905073633/https://www.apartments.com/chicago-il/20/,3600 N Pine Grove Ave,1 Br,"$1,443"
330,https://web.archive.org/web/20150905073633/https://www.apartments.com/chicago-il/20/,2027 W James St,House for Rent,"$1,000"
331,https://web.archive.org/web/20150905073633/https://www.apartments.com/chicago-il/20/,6939 S Dorchester Ave,Condo for Rent,"$1,200"
332,https://web.archive.org/web/20150905073633/https://www.apartments.com/chicago-il/20/,4239 N Oak Park Ave,1-2 Br,"$2,500 - $3,250"
333,https://web.archive.org/web/20150905073633/https://www.apartments.com/chicago-il/20/,8358 S Buffalo Ave,House for Rent,$600
334,https://web.archive.org/web/20150905073633/https://www.apartments.com/chicago-il/20/,5800 S Artesian Ave,2 Br,$755
335,https://web.archive.org/web/20150905073633/https://www.apartments.com/chicago-il/20/,2512 W Argyle St,Condo for Rent,"$2,275"
336,https://web.archive.org/web/20150905073633/https://www.apartments.com/chicago-il/20/,6957 S Eggleston Ave,House for Rent,$725
337,https://web.archive.org/web/20150905073633/https://www.apartments.com/chicago-il/20/,5348-5358 N Cumberland Ave,1 Br,$974
338,https://web.archive.org/web/20150905073633/https://www.apartments.com/chicago-il/20/,1143 S Park Ter,Townhome for Rent,"$2,950"
339,https://web.archive.org/web/20150905073633/https://www.apartments.com/chicago-il/20/,2335 N Lister Ave,Townhome for Rent,"$2,800"
340,https://web.archive.org/web/20150905073633/https://www.apartments.com/chicago-il/20/,1860 S Komensky Ave,2 Br,$940
341,https://web.archive.org/web/20150905073633/https://www.apartments.com/chicago-il/20/,5357 S May St,House for Rent,$675
342,https://web.archive.org/web/20150905073633/https://www.apartments.com/chicago-il/20/,4400-4418 W 55th St,2 Br,$975
343,https://web.archive.org/web/20150905073633/https://www.apartments.com/chicago-il/20/,4237 1/2 N Hermitage Ave,Condo for Rent,"$1,145"
344,https://web.archive.org/web/20150905073633/https://www.apartments.com/chicago-il/20/,420 E Waterside Dr,Condo for Rent,"$4,300"
345,https://web.archive.org/web/20150905073633/https://www.apartments.com/chicago-il/20/,5858 W Fullerton Ave,Condo for Rent,$875
346,https://web.archive.org/web/20150905073633/https://www.apartments.com/chicago-il/20/,3511 N Olcott Ave,House for Rent,"$1,825"
347,https://web.archive.org/web/20150905073633/https://www.apartments.com/chicago-il/20/,1155 W Dickens Ave,House for Rent,"$1,695"
348,https://web.archive.org/web/20150905073633/https://www.apartments.com/chicago-il/20/,5723 W School St,House for Rent,"$2,100"
349,https://web.archive.org/web/20150905073633/https://www.apartments.com/chicago-il/20/,8935 S Dauphin Ave,1 Br,$575 - $625
350,https://web.archive.org/web/20150217144133/https://www.apartments.com/chicago-il/,360 E South Water St,Studio - 2 Br,"$1,590 - $3,953"
351,https://web.archive.org/web/20150217144133/https://www.apartments.com/chicago-il/,71 W Hubbard St,Studio - 3 Br,"$1,829 - $6,947"
352,https://web.archive.org/web/20150217144133/https://www.apartments.com/chicago-il/,345 E Wacker Dr,Studio - 3 Br,"$1,568 - $4,530"
353,https://web.archive.org/web/20150217144133/https://www.apartments.com/chicago-il/,5020-5050 S Lake Shore Dr,Studio - 3 Br,"$1,113 - $3,274"
354,https://web.archive.org/web/20150217144133/https://www.apartments.com/chicago-il/,400 E South Water St,Studio - 2 Br,"$1,588 - $3,802"
355,https://web.archive.org/web/20150217144133/https://www.apartments.com/chicago-il/,500 E 33rd St,Studio - 3 Br,"$725 - $1,866"
356,https://web.archive.org/web/20150217144133/https://www.apartments.com/chicago-il/,225 N Columbus Dr,Studio - 2 Br,"$1,612 - $4,605"
357,https://web.archive.org/web/20150217144133/https://www.apartments.com/chicago-il/,1130 S Michigan Ave,Studio - 2 Br,"$1,190 - $3,896"
358,https://web.archive.org/web/20150217144133/https://www.apartments.com/chicago-il/,200 E Illinois St,Studio - 4 Br,"$2,226 - $9,700"
359,https://web.archive.org/web/20150217144133/https://www.apartments.com/chicago-il/,1350 N Lake Shore Dr,Studio - 2 Br,"$1,191 - $3,032"
360,https://web.archive.org/web/20150217144133/https://www.apartments.com/chicago-il/,750 N Rush St,1-3 Br,"$1,794 - $6,712"
361,https://web.archive.org/web/20150217144133/https://www.apartments.com/chicago-il/,850 N Lake Shore Dr,Studio - 3 Br,"$1,990 - $12,000"
362,https://web.archive.org/web/20150217144133/https://www.apartments.com/chicago-il/,220 W Illinois St,Studio - 2 Br,"$1,955 - $3,940"
363,https://web.archive.org/web/20150217144133/https://www.apartments.com/chicago-il/,4726-4740 S Woodlawn Ave,Studio - 2 Br,"$763 - $1,511"
364,https://web.archive.org/web/20150217144133/https://www.apartments.com/chicago-il/,445 E Illinois St,Studio - 3 Br,"$1,815 - $4,925"
365,https://web.archive.org/web/20150217144133/https://www.apartments.com/chicago-il/,5009 N Sheridan Rd,Studio - 2 Br,"$1,200 - $2,400"
366,https://web.archive.org/web/20150217144133/https://www.apartments.com/chicago-il/,805 N LaSalle St,Studio - 2 Br,"$1,475 - $4,800"
367,https://web.archive.org/web/20150217144133/https://www.apartments.com/chicago-il/,1634-1660 E 56th St,Studio - 3 Br,"$1,005 - $2,870"
368,https://web.archive.org/web/20150217144133/https://www.apartments.com/chicago-il/,601 W Jackson Blvd,Studio - 2 Br,"$1,452 - $4,413"
369,https://web.archive.org/web/20150217144133/https://www.apartments.com/chicago-il/,111 W Wacker Dr,Studio - 3 Br,"$1,995 - $6,695"
370,https://web.archive.org/web/20150217144133/https://www.apartments.com/chicago-il/,5140 S Hyde Park Blvd,1-3 Br,"$1,258 - $5,151"
371,https://web.archive.org/web/20150217144133/https://www.apartments.com/chicago-il/,850 S Clark St,1-2 Br,"$1,696 - $3,190"
372,https://web.archive.org/web/20150217144133/https://www.apartments.com/chicago-il/,850 N State St,1-2 Br,"$1,339 - $2,621"
373,https://web.archive.org/web/20150217144133/https://www.apartments.com/chicago-il/,355 E Ohio St,Studio - 3 Br,"$1,593 - $6,422"
374,https://web.archive.org/web/20150217144133/https://www.apartments.com/chicago-il/,922 W Washington Blvd,Studio - 3 Br,"$1,565 - $5,225"
375,https://web.archive.org/web/20150315022817/https://www.apartments.com/chicago-il/,225 N Columbus Dr,Studio - 2 Br,"$1,563 - $4,541"
376,https://web.archive.org/web/20150315022817/https://www.apartments.com/chicago-il/,850 N Lake Shore Dr,Studio - 3 Br,"$1,990 - $12,000"
377,https://web.archive.org/web/20150315022817/https://www.apartments.com/chicago-il/,360 E South Water St,Studio - 2 Br,"$1,523 - $3,934"
378,https://web.archive.org/web/20150315022817/https://www.apartments.com/chicago-il/,200 E Illinois St,Studio - 4 Br,"$2,186 - $9,700"
379,https://web.archive.org/web/20150315022817/https://www.apartments.com/chicago-il/,71 W Hubbard St,Studio - 3 Br,"$1,864 - $7,362"
380,https://web.archive.org/web/20150315022817/https://www.apartments.com/chicago-il/,400 E South Water St,Studio - 2 Br,"$1,640 - $3,802"
381,https://web.archive.org/web/20150315022817/https://www.apartments.com/chicago-il/,750 N RUSH St,1-3 Br,"$1,921 - $6,712"
382,https://web.archive.org/web/20150315022817/https://www.apartments.com/chicago-il/,845 N State St,Studio - 2 Br,"$1,552 - $4,005"
383,https://web.archive.org/web/20150315022817/https://www.apartments.com/chicago-il/,345 E Wacker Dr,Studio - 3 Br,"$1,427 - $4,306"
384,https://web.archive.org/web/20150315022817/https://www.apartments.com/chicago-il/,1130 S Michigan Ave,Studio - 2 Br,"$1,388 - $3,534"
385,https://web.archive.org/web/20150315022817/https://www.apartments.com/chicago-il/,500 E 33rd St,Studio - 3 Br,"$725 - $1,866"
386,https://web.archive.org/web/20150315022817/https://www.apartments.com/chicago-il/,1350 N Lake Shore Dr,Studio - 2 Br,"$1,191 - $2,806"
387,https://web.archive.org/web/20150315022817/https://www.apartments.com/chicago-il/,425 W Surf St,Studio - 1 Br,"$1,148 - $1,893"
388,https://web.archive.org/web/20150315022817/https://www.apartments.com/chicago-il/,5140 S Hyde Park Blvd,1-3 Br,"$1,169 - $4,782"
389,https://web.archive.org/web/20150315022817/https://www.apartments.com/chicago-il/,4726-4740 S Woodlawn Ave,Studio - 2 Br,"$840 - $1,501"
390,https://web.archive.org/web/20150315022817/https://www.apartments.com/chicago-il/,850 N State St,1-2 Br,"$1,339 - $2,621"
391,https://web.archive.org/web/20150315022817/https://www.apartments.com/chicago-il/,445 E Illinois St,Studio - 2 Br,"$1,815 - $4,925"
392,https://web.archive.org/web/20150315022817/https://www.apartments.com/chicago-il/,805 N La Salle Dr,Studio - 2 Br,"$1,685 - $4,950"
393,https://web.archive.org/web/20150315022817/https://www.apartments.com/chicago-il/,220 W Illinois St,Studio - 2 Br,"$2,150 - $4,090"
394,https://web.archive.org/web/20150315022817/https://www.apartments.com/chicago-il/,340 E North Water St,Studio - 3 Br,"$1,799 - $14,899"
395,https://web.archive.org/web/20150315022817/https://www.apartments.com/chicago-il/,355 E Ohio St,Studio - 3 Br,"$1,593 - $6,422"
396,https://web.archive.org/web/20150315022817/https://www.apartments.com/chicago-il/,922 W Washington Blvd,Studio - 3 Br,"$1,565 - $5,225"
397,https://web.archive.org/web/20150315022817/https://www.apartments.com/chicago-il/,123 N Des Plaines St,Studio - 3 Br,"$2,010 - $4,560"
398,https://web.archive.org/web/20150315022817/https://www.apartments.com/chicago-il/,5009 N Sheridan Rd,Studio - 2 Br,"$1,200 - $2,400"
399,https://web.archive.org/web/20150315022817/https://www.apartments.com/chicago-il/,601 W Jackson Blvd,Studio - 2 Br,"$1,452 - $4,413"
400,https://web.archive.org/web/20150905052452/https://www.apartments.com/chicago-il/,360 E South Water St,Studio - 2 Br,"$1,650 - $4,403"
401,https://web.archive.org/web/20150905052452/https://www.apartments.com/chicago-il/,5020-5050 S LAKE SHORE Dr,Studio - 3 Br,"$1,321 - $3,325"
402,https://web.archive.org/web/20150905052452/https://www.apartments.com/chicago-il/,345 E Wacker Dr,Studio - 3 Br,"$1,596 - $4,501"
403,https://web.archive.org/web/20150905052452/https://www.apartments.com/chicago-il/,200 E Chestnut St,Studio - 2 Br,"$1,228 - $2,893"
404,https://web.archive.org/web/20150905052452/https://www.apartments.com/chicago-il/,910 W Huron St,Studio - 4 Br,"$1,730 - $4,100"
405,https://web.archive.org/web/20150905052452/https://www.apartments.com/chicago-il/,500 E 33rd St,Studio - 3 Br,"$730 - $1,794"
406,https://web.archive.org/web/20150905052452/https://www.apartments.com/chicago-il/,1130 S Michigan Ave,Studio - 2 Br,"$1,418 - $4,201"
407,https://web.archive.org/web/20150905052452/https://www.apartments.com/chicago-il/,805 N LaSalle Dr,Studio - 2 Br,"$1,600 - $5,100"
408,https://web.archive.org/web/20150905052452/https://www.apartments.com/chicago-il/,1164-1212 W Madison St,Studio - 2 Br,"$2,200 - $3,379"
409,https://web.archive.org/web/20150905052452/https://www.apartments.com/chicago-il/,850 S Clark St,Studio - 2 Br,"$1,785 - $3,545"
410,https://web.archive.org/web/20150905052452/https://www.apartments.com/chicago-il/,1350 N Lake Shore Dr,Studio - 2 Br,"$1,226 - $3,032"
411,https://web.archive.org/web/20150905052452/https://www.apartments.com/chicago-il/,200 E Illinois St,Studio - 4 Br,"$1,828 - $12,878"
412,https://web.archive.org/web/20150905052452/https://www.apartments.com/chicago-il/,400 N McClurg Ct,Studio - 2 Br,"$1,860 - $3,014"
413,https://web.archive.org/web/20150905052452/https://www.apartments.com/chicago-il/,71 W Hubbard St,Studio - 3 Br,"$1,873 - $6,969"
414,https://web.archive.org/web/20150905052452/https://www.apartments.com/chicago-il/,765 W Adams St,Studio - 3 Br,"$1,830 - $7,900"
415,https://web.archive.org/web/20150905052452/https://www.apartments.com/chicago-il/,400 E South Water St,Studio - 2 Br,"$1,745 - $3,429"
416,https://web.archive.org/web/20150905052452/https://www.apartments.com/chicago-il/,161 W Kinzie St,Studio - 2 Br,"$1,815 - $6,545"
417,https://web.archive.org/web/20150905052452/https://www.apartments.com/chicago-il/,111 W Wacker Dr,Studio - 3 Br,"$1,921 - $14,291"
418,https://web.archive.org/web/20150905052452/https://www.apartments.com/chicago-il/,123 N Des Plaines St,Studio - 3 Br,"$2,005 - $4,556"
419,https://web.archive.org/web/20150905052452/https://www.apartments.com/chicago-il/,225 N Columbus Dr,Studio - 2 Br,"$1,930 - $3,525"
420,https://web.archive.org/web/20150905052452/https://www.apartments.com/chicago-il/,850 N Lake Shore Dr,Studio - 3 Br,"$2,290 - $12,000"
421,https://web.archive.org/web/20150905052452/https://www.apartments.com/chicago-il/,845-845 N State St,Studio - 2 Br,"$1,723 - $4,064"
422,https://web.archive.org/web/20150905052452/https://www.apartments.com/chicago-il/,900 S Clark St,Studio - 3 Br,"$1,439 - $3,838"
423,https://web.archive.org/web/20150905052452/https://www.apartments.com/chicago-il/,340 E North Water St,Studio - 3 Br,"$1,939 - $13,500"
424,https://web.archive.org/web/20150905052452/https://www.apartments.com/chicago-il/,5140 S Hyde Park Blvd,1-3 Br,"$1,289 - $4,398"
425,https://web.archive.org/web/20151110003619/https://www.apartments.com/chicago-il/,161 W Kinzie St,Studio - 2 Br,"$1,835 - $6,545"
426,https://web.archive.org/web/20151110003619/https://www.apartments.com/chicago-il/,1350 N Lake Shore Dr,Studio - 2 Br,"$1,191 - $3,032"
427,https://web.archive.org/web/20151110003619/https://www.apartments.com/chicago-il/,71 W Hubbard St,Studio - 3 Br,"$1,902 - $6,574"
428,https://web.archive.org/web/20151110003619/https://www.apartments.com/chicago-il/,850 S Clark St,Studio - 2 Br,"$1,619 - $3,565"
429,https://web.archive.org/web/20151110003619/https://www.apartments.com/chicago-il/,845-845 N State St,Studio - 2 Br,"$1,723 - $4,064"
430,https://web.archive.org/web/20151110003619/https://www.apartments.com/chicago-il/,400 E South Water St,Studio - 2 Br,"$1,556 - $3,399"
431,https://web.archive.org/web/20151110003619/https://www.apartments.com/chicago-il/,225 N Columbus Dr,Studio - 2 Br,"$1,829 - $5,205"
432,https://web.archive.org/web/20151110003619/https://www.apartments.com/chicago-il/,3402-3453 N Elaine Pl,1-2 Br,"$1,575 - $2,265"
433,https://web.archive.org/web/20151110003619/https://www.apartments.com/chicago-il/,840 W Blackhawk St,Studio - 2 Br,"$1,857 - $3,898"
434,https://web.archive.org/web/20151110003619/https://www.apartments.com/chicago-il/,707 N Wells St,1-3 Br,"$2,707 - $5,621"
435,https://web.archive.org/web/20151110003619/https://www.apartments.com/chicago-il/,5140 S Hyde Park Blvd,1-3 Br,"$1,199 - $5,479"
436,https://web.archive.org/web/20151110003619/https://www.apartments.com/chicago-il/,123 N Des Plaines St,Studio - 3 Br,"$1,895 - $4,369"
437,https://web.archive.org/web/20151110003619/https://www.apartments.com/chicago-il/,1130 S Michigan Ave,Studio - 2 Br,"$1,295 - $3,491"
438,https://web.archive.org/web/20151110003619/https://www.apartments.com/chicago-il/,555 W Madison St,Studio - 2 Br,"$1,405 - $3,010"
439,https://web.archive.org/web/20151110003619/https://www.apartments.com/chicago-il/,200 E Illinois St,Studio - 4 Br,"$1,912 - $12,878"
440,https://web.archive.org/web/20151110003619/https://www.apartments.com/chicago-il/,400 N McClurg Ct,Studio - 2 Br,"$1,662 - $2,727"
441,https://web.archive.org/web/20151110003619/https://www.apartments.com/chicago-il/,900 S Clark St,Studio - 3 Br,"$1,446 - $3,495"
442,https://web.archive.org/web/20151110003619/https://www.apartments.com/chicago-il/,360 E South Water St,Studio - 2 Br,"$1,624 - $3,980"
443,https://web.archive.org/web/20151110003619/https://www.apartments.com/chicago-il/,1 W Superior St,Studio - 2 Br,"$1,645 - $5,581"
444,https://web.archive.org/web/20151110003619/https://www.apartments.com/chicago-il/,345 E Wacker Dr,Studio - 3 Br,"$1,565 - $3,983"
445,https://web.archive.org/web/20151110003619/https://www.apartments.com/chicago-il/,200 E Chestnut St,Studio - 2 Br,"$1,280 - $5,080"
446,https://web.archive.org/web/20151110003619/https://www.apartments.com/chicago-il/,805 N LaSalle Dr,Studio - 2 Br,"$1,600 - $5,100"
447,https://web.archive.org/web/20151110003619/https://www.apartments.com/chicago-il/,220 W Illinois St,Studio - 2 Br,"$2,025 - $4,240"
448,https://web.archive.org/web/20151110003619/https://www.apartments.com/chicago-il/,910 W Huron St,Studio - 4 Br,"$1,865 - $3,240"
449,https://web.archive.org/web/20151110003619/https://www.apartments.com/chicago-il/,111 W Wacker Dr,Studio - 3 Br,"$2,011 - $11,733"
450,https://web.archive.org/web/20151110071935/https://www.apartments.com/chicago-il/,161 W Kinzie St,Studio - 2 Br,"$1,835 - $6,545"
451,https://web.archive.org/web/20151110071935/https://www.apartments.com/chicago-il/,1350 N Lake Shore Dr,Studio - 2 Br,"$1,191 - $3,032"
452,https://web.archive.org/web/20151110071935/https://www.apartments.com/chicago-il/,71 W Hubbard St,Studio - 3 Br,"$1,902 - $6,574"
453,https://web.archive.org/web/20151110071935/https://www.apartments.com/chicago-il/,850 S Clark St,Studio - 2 Br,"$1,619 - $3,565"
454,https://web.archive.org/web/20151110071935/https://www.apartments.com/chicago-il/,845-845 N State St,Studio - 2 Br,"$1,723 - $4,064"
455,https://web.archive.org/web/20151110071935/https://www.apartments.com/chicago-il/,400 E South Water St,Studio - 2 Br,"$1,556 - $3,399"
456,https://web.archive.org/web/20151110071935/https://www.apartments.com/chicago-il/,225 N Columbus Dr,Studio - 2 Br,"$1,829 - $5,205"
457,https://web.archive.org/web/20151110071935/https://www.apartments.com/chicago-il/,3402-3453 N Elaine Pl,1-2 Br,"$1,575 - $2,265"
458,https://web.archive.org/web/20151110071935/https://www.apartments.com/chicago-il/,840 W Blackhawk St,Studio - 2 Br,"$1,857 - $3,898"
459,https://web.archive.org/web/20151110071935/https://www.apartments.com/chicago-il/,707 N Wells St,1-3 Br,"$2,707 - $5,621"
460,https://web.archive.org/web/20151110071935/https://www.apartments.com/chicago-il/,5140 S Hyde Park Blvd,1-3 Br,"$1,199 - $5,479"
461,https://web.archive.org/web/20151110071935/https://www.apartments.com/chicago-il/,123 N Des Plaines St,Studio - 3 Br,"$1,895 - $4,369"
462,https://web.archive.org/web/20151110071935/https://www.apartments.com/chicago-il/,1130 S Michigan Ave,Studio - 2 Br,"$1,295 - $3,491"
463,https://web.archive.org/web/20151110071935/https://www.apartments.com/chicago-il/,555 W Madison St,Studio - 2 Br,"$1,405 - $3,010"
464,https://web.archive.org/web/20151110071935/https://www.apartments.com/chicago-il/,200 E Illinois St,Studio - 4 Br,"$1,912 - $12,878"
465,https://web.archive.org/web/20151110071935/https://www.apartments.com/chicago-il/,400 N McClurg Ct,Studio - 2 Br,"$1,662 - $2,727"
466,https://web.archive.org/web/20151110071935/https://www.apartments.com/chicago-il/,900 S Clark St,Studio - 3 Br,"$1,446 - $3,495"
467,https://web.archive.org/web/20151110071935/https://www.apartments.com/chicago-il/,360 E South Water St,Studio - 2 Br,"$1,624 - $3,980"
468,https://web.archive.org/web/20151110071935/https://www.apartments.com/chicago-il/,1 W Superior St,Studio - 2 Br,"$1,645 - $5,581"
469,https://web.archive.org/web/20151110071935/https://www.apartments.com/chicago-il/,345 E Wacker Dr,Studio - 3 Br,"$1,565 - $3,983"
470,https://web.archive.org/web/20151110071935/https://www.apartments.com/chicago-il/,200 E Chestnut St,Studio - 2 Br,"$1,280 - $5,080"
471,https://web.archive.org/web/20151110071935/https://www.apartments.com/chicago-il/,805 N LaSalle Dr,Studio - 2 Br,"$1,600 - $5,100"
472,https://web.archive.org/web/20151110071935/https://www.apartments.com/chicago-il/,220 W Illinois St,Studio - 2 Br,"$2,025 - $4,240"
473,https://web.archive.org/web/20151110071935/https://www.apartments.com/chicago-il/,910 W Huron St,Studio - 4 Br,"$1,865 - $3,240"
474,https://web.archive.org/web/20151110071935/https://www.apartments.com/chicago-il/,111 W Wacker Dr,Studio - 3 Br,"$2,011 - $11,733"
475,https://web.archive.org/web/20220121035604/https://www.apartments.com/chicago-il/,"930 W Altgeld St, Chicago, IL 60614",Studio - 3 Beds,"$2,095 - 14,435"
476,https://web.archive.org/web/20220121035604/https://www.apartments.com/chicago-il/,"1457 N Halsted St, Chicago, IL 60642",Studio - 2 Beds,"$2,126 - 5,055"
477,https://web.archive.org/web/20220121035604/https://www.apartments.com/chicago-il/,"1407 S Michigan Ave, Chicago, IL 60605",Studio - 3 Beds,"$1,400 - 5,650"
478,https://web.archive.org/web/20220121035604/https://www.apartments.com/chicago-il/,"1324-1346 E 53rd St, Chicago, IL 60615",Studio - 2 Beds,"$1,330 - 1,880"
479,https://web.archive.org/web/20220121035604/https://www.apartments.com/chicago-il/,"5441 NE NEast River Rd, Chicago, IL 60656",Studio - 4 Beds,"$1,005 - 1,885"
480,https://web.archive.org/web/20220121035604/https://www.apartments.com/chicago-il/,"2623-2627 N Clark St, Chicago, IL 60614",1 Bed,"$2,144 - 2,224"
481,https://web.archive.org/web/20220121035604/https://www.apartments.com/chicago-il/,"220 E Illinois St, Chicago, IL 60611",Studio - 3 Beds,"$2,114 - 9,340"
482,https://web.archive.org/web/20220121035604/https://www.apartments.com/chicago-il/,"205 S Peoria, Chicago, IL 60607",Studio - 2 Beds,"$2,060 - 4,480"
483,https://web.archive.org/web/20220121035604/https://www.apartments.com/chicago-il/,"14 W Superior St, Chicago, IL 60654",Studio - 3 Beds,"$2,284 - 11,220"
484,https://web.archive.org/web/20220121035604/https://www.apartments.com/chicago-il/,"8 W Chestnut St, Chicago, IL 60610",1-2 Beds,"$2,034 - 3,139"
485,https://web.archive.org/web/20220121035604/https://www.apartments.com/chicago-il/,"845 N State St, Chicago, IL 60610",Studio - 2 Beds,"$1,984 - 6,986"
486,https://web.archive.org/web/20220121035604/https://www.apartments.com/chicago-il/,"200 E Illinois St, Chicago, IL 60611",1-3 Beds,"$2,105 - 9,625"
487,https://web.archive.org/web/20220121035604/https://www.apartments.com/chicago-il/,"369 W Grand Ave, Chicago, IL 60654",Studio - 4 Beds,"$2,095 - 90,444"
488,https://web.archive.org/web/20220121035604/https://www.apartments.com/chicago-il/,"165 N Desplaines St, Chicago, IL 60661",Studio - 2 Beds,"$2,212 - 4,027"
489,https://web.archive.org/web/20220121035604/https://www.apartments.com/chicago-il/,"500 N Lake Shore Dr, Chicago, IL 60611",Studio - 2 Beds,"$2,050 - 5,095"
490,https://web.archive.org/web/20220121035604/https://www.apartments.com/chicago-il/,"451 E Grand Ave, Chicago, IL 60611",1-3 Beds,"$3,395 - 8,895"
491,https://web.archive.org/web/20220121035604/https://www.apartments.com/chicago-il/,"121 W Chestnut St, Chicago, IL 60610",Studio - 3 Beds,"$1,842 - 11,950"
492,https://web.archive.org/web/20220121035604/https://www.apartments.com/chicago-il/,"740 N Aberdeen St, Chicago, IL 60642",Studio - 3 Beds,"$1,900 - 5,595"
493,https://web.archive.org/web/20220121035604/https://www.apartments.com/chicago-il/,"1050-1060 W Monroe St, Chicago, IL 60607",1-3 Beds,"$3,450 - 4,695"
494,https://web.archive.org/web/20220121035604/https://www.apartments.com/chicago-il/,"504 N Green St, Chicago, IL 60642",Studio - 3 Beds,"$1,635 - 6,450"
495,https://web.archive.org/web/20220121035604/https://www.apartments.com/chicago-il/,"910 W Huron St, Chicago, IL 60642",Studio - 4 Beds,"$2,665 - 6,735"
496,https://web.archive.org/web/20220121035604/https://www.apartments.com/chicago-il/,"108 W Chicago Ave, Chicago, IL 60654",Studio - 1 Bed,"$1,700 - 2,650"
497,https://web.archive.org/web/20220121035604/https://www.apartments.com/chicago-il/,"4750 N Winthrop Ave, Chicago, IL 60640",Studio - 1 Bed,"$1,510 - 2,080"
498,https://web.archive.org/web/20220121035604/https://www.apartments.com/chicago-il/,"171 N Aberdeen St, Chicago, IL 60607",Studio,"$1,996 - 2,790"
499,https://web.archive.org/web/20220121035604/https://www.apartments.com/chicago-il/,"51 E 14th St, Chicago, IL 60605",Studio - 2 Beds,"$1,640 - 5,055"
500,https://web.archive.org/web/20220321160908/https://www.apartments.com/chicago-il/,"930 W Altgeld St, Chicago, IL 60614",Studio - 3 Beds,"$2,075 - 14,435"
501,https://web.archive.org/web/20220321160908/https://www.apartments.com/chicago-il/,"1457 N Halsted St, Chicago, IL 60642",Studio - 2 Beds,"$2,126 - 4,215"
502,https://web.archive.org/web/20220321160908/https://www.apartments.com/chicago-il/,"5035 S East End Ave, Chicago, IL 60615",Studio - 4 Beds,"$1,600 - 4,748"
503,https://web.archive.org/web/20220321160908/https://www.apartments.com/chicago-il/,"1407 S Michigan Ave, Chicago, IL 60605",Studio - 3 Beds,"$1,750 - 5,650"
504,https://web.archive.org/web/20220321160908/https://www.apartments.com/chicago-il/,"5441 NE NEast River Rd, Chicago, IL 60656",Studio - 4 Beds,"$1,130 - 2,185"
505,https://web.archive.org/web/20220321160908/https://www.apartments.com/chicago-il/,"1206-1212 N State Pky, Chicago, IL 60610",Studio - 2 Beds,"$2,260 - 6,322"
506,https://web.archive.org/web/20220321160908/https://www.apartments.com/chicago-il/,"939 W Washington Blvd, Chicago, IL 60607",Studio - 3 Beds,"$2,075 - 4,815"
507,https://web.archive.org/web/20220321160908/https://www.apartments.com/chicago-il/,"121 W Chestnut St, Chicago, IL 60610",Studio - 3 Beds,"$2,066 - 11,136"
508,https://web.archive.org/web/20220321160908/https://www.apartments.com/chicago-il/,"730 W Couch Pl, Chicago, IL 60661",Studio - 3 Beds,"$2,079 - 7,783"
509,https://web.archive.org/web/20220321160908/https://www.apartments.com/chicago-il/,"5029 N Kenmore Ave, Chicago, IL 60640",1 Bed,"$1,740 - 1,890"
510,https://web.archive.org/web/20220321160908/https://www.apartments.com/chicago-il/,"220 E Illinois St, Chicago, IL 60611",Studio - 3 Beds,"$2,539 - 9,828"
511,https://web.archive.org/web/20220321160908/https://www.apartments.com/chicago-il/,"740 N Aberdeen St, Chicago, IL 60642",Studio - 3 Beds,"$2,300 - 5,299"
512,https://web.archive.org/web/20220321160908/https://www.apartments.com/chicago-il/,"8 E Huron St, Chicago, IL 60611",1-3 Beds,"$2,575 - 6,895"
513,https://web.archive.org/web/20220321160908/https://www.apartments.com/chicago-il/,"369 W Grand Ave, Chicago, IL 60654",Studio - 4 Beds,"$2,425 - 64,650"
514,https://web.archive.org/web/20220321160908/https://www.apartments.com/chicago-il/,"833 N Clark St, Chicago, IL 60610",Studio - 3 Beds,"$2,215 - 13,048"
515,https://web.archive.org/web/20220321160908/https://www.apartments.com/chicago-il/,"4346 N Honore St, Chicago, IL 60613",1 Bed,"$2,044 - 2,139"
516,https://web.archive.org/web/20220321160908/https://www.apartments.com/chicago-il/,"808 W Van Buren St, Chicago, IL 60607",Studio - 2 Beds,"$2,200 - 3,820"
517,https://web.archive.org/web/20220321160908/https://www.apartments.com/chicago-il/,"922 W Washington Blvd, Chicago, IL 60607",Studio - 2 Beds,"$1,863 - 3,484"
518,https://web.archive.org/web/20220321160908/https://www.apartments.com/chicago-il/,"169 W Huron St, Chicago, IL 60654",Studio - 2 Beds,"$1,990 - 5,521"
519,https://web.archive.org/web/20220321160908/https://www.apartments.com/chicago-il/,"51 E 14th St, Chicago, IL 60605",Studio - 2 Beds,"$1,780 - 5,045"
520,https://web.archive.org/web/20220321160908/https://www.apartments.com/chicago-il/,"14 W Superior St, Chicago, IL 60654",Studio - 3 Beds,"$2,393 - 11,620"
521,https://web.archive.org/web/20220321160908/https://www.apartments.com/chicago-il/,"2623-2627 N Clark St, Chicago, IL 60614",1 Bed,"$2,224 - 2,304"
522,https://web.archive.org/web/20220321160908/https://www.apartments.com/chicago-il/,"2555 N Clark St, Chicago, IL 60614",Studio - 1 Bed,"$1,812 - 2,914"
523,https://web.archive.org/web/20220321160908/https://www.apartments.com/chicago-il/,"1210 S Indiana Ave, Chicago, IL 60605",Studio - 4 Beds,"$1,920 - 19,900"
524,https://web.archive.org/web/20220321160908/https://www.apartments.com/chicago-il/,"340 E North Water St, Chicago, IL 60611",Studio - 3 Beds,"$2,175 - 7,956"
525,https://web.archive.org/web/20220403132436/https://www.apartments.com/chicago-il/,"930 W Altgeld St, Chicago, IL 60614",Studio - 3 Beds,"$2,245 - 14,435"
526,https://web.archive.org/web/20220403132436/https://www.apartments.com/chicago-il/,"1457 N Halsted St, Chicago, IL 60642",Studio - 2 Beds,"$2,126 - 4,249"
527,https://web.archive.org/web/20220403132436/https://www.apartments.com/chicago-il/,"5035 S East End Ave, Chicago, IL 60615",Studio - 4 Beds,"$1,575 - 4,748"
528,https://web.archive.org/web/20220403132436/https://www.apartments.com/chicago-il/,"5441 NE NEast River Rd, Chicago, IL 60656",Studio - 4 Beds,"$1,090 - 2,190"
529,https://web.archive.org/web/20220403132436/https://www.apartments.com/chicago-il/,"1616 E 56th St, Chicago, IL 60637",1-3 Beds,"$2,550 - 7,589"
530,https://web.archive.org/web/20220403132436/https://www.apartments.com/chicago-il/,"Chicago, IL 60640",Studio - 1 Bed,"$780 - 1,110"
531,https://web.archive.org/web/20220403132436/https://www.apartments.com/chicago-il/,"369 W Grand Ave, Chicago, IL 60654",Studio - 4 Beds,"$2,095 - 61,768"
532,https://web.archive.org/web/20220403132436/https://www.apartments.com/chicago-il/,"1206-1212 N State Pky, Chicago, IL 60610",Studio - 2 Beds,"$2,260 - 6,322"
533,https://web.archive.org/web/20220403132436/https://www.apartments.com/chicago-il/,"730 W Couch Pl, Chicago, IL 60661",Studio - 3 Beds,"$2,062 - 7,287"
534,https://web.archive.org/web/20220403132436/https://www.apartments.com/chicago-il/,"939 W Washington Blvd, Chicago, IL 60607",1 Bed,"$2,556 - 3,620"
535,https://web.archive.org/web/20220403132436/https://www.apartments.com/chicago-il/,"717 S Clark St, Chicago, IL 60605",Studio - 4 Beds,"$1,935 - 14,000"
536,https://web.archive.org/web/20220403132436/https://www.apartments.com/chicago-il/,"5029 N Kenmore Ave, Chicago, IL 60640",1 Bed,"$1,870 - 1,890"
537,https://web.archive.org/web/20220403132436/https://www.apartments.com/chicago-il/,"808 W Van Buren St, Chicago, IL 60607",Studio - 2 Beds,"$2,200 - 3,820"
538,https://web.archive.org/web/20220403132436/https://www.apartments.com/chicago-il/,"120 N Green St, Chicago, IL 60607",Studio - 3 Beds,"$2,150 - 11,847"
539,https://web.archive.org/web/20220403132436/https://www.apartments.com/chicago-il/,"340 E North Water St, Chicago, IL 60611",Studio - 3 Beds,"$2,095 - 7,733"
540,https://web.archive.org/web/20220403132436/https://www.apartments.com/chicago-il/,"2155 N Elston Ave, Chicago, IL 60614",Studio - 3 Beds,"$1,671 - 6,135"
541,https://web.archive.org/web/20220403132436/https://www.apartments.com/chicago-il/,"11 S Green St, Chicago, IL 60607",Studio - 2 Beds,"$1,816 - 5,210"
542,https://web.archive.org/web/20220403132436/https://www.apartments.com/chicago-il/,"2623-2627 N Clark St, Chicago, IL 60614",1 Bed,"$2,209 - 2,301"
543,https://web.archive.org/web/20220403132436/https://www.apartments.com/chicago-il/,"2555 N Clark St, Chicago, IL 60614",Studio - 1 Bed,"$1,830 - 2,803"
544,https://web.archive.org/web/20220403132436/https://www.apartments.com/chicago-il/,"169 W Huron St, Chicago, IL 60654",Studio - 2 Beds,"$1,953 - 5,521"
545,https://web.archive.org/web/20220403132436/https://www.apartments.com/chicago-il/,"740 N Aberdeen St, Chicago, IL 60642",Studio - 3 Beds,"$1,750 - 5,595"
546,https://web.archive.org/web/20220403132436/https://www.apartments.com/chicago-il/,"833 N Clark St, Chicago, IL 60610",Studio - 3 Beds,"$2,352 - 16,463"
547,https://web.archive.org/web/20220403132436/https://www.apartments.com/chicago-il/,"121 W Chestnut St, Chicago, IL 60610",Studio - 3 Beds,"$1,888 - 10,746"
548,https://web.archive.org/web/20220403132436/https://www.apartments.com/chicago-il/,"25 W Randolph St, Chicago, IL 60601",Studio - 3 Beds,"$1,918 - 8,339"
549,https://web.archive.org/web/20220403132436/https://www.apartments.com/chicago-il/,"51 E 14th St, Chicago, IL 60605",Studio - 2 Beds,"$1,780 - 5,045"
550,https://web.archive.org/web/20220426234339/https://www.apartments.com/chicago-il/,"1457 N Halsted St, Chicago, IL 60642",Studio - 2 Beds,"$2,246 - 4,199"
551,https://web.archive.org/web/20220426234339/https://www.apartments.com/chicago-il/,"930 W Altgeld St, Chicago, IL 60614",Studio - 3 Beds,"$2,150 - 14,380"
552,https://web.archive.org/web/20220426234339/https://www.apartments.com/chicago-il/,"5441 NE NEast River Rd, Chicago, IL 60656",Studio - 4 Beds,"$1,195 - 3,190"
553,https://web.archive.org/web/20220426234339/https://www.apartments.com/chicago-il/,"5035 S East End Ave, Chicago, IL 60615",Studio - 4 Beds,"$1,575 - 4,789"
554,https://web.archive.org/web/20220426234339/https://www.apartments.com/chicago-il/,"5029 N Kenmore Ave, Chicago, IL 60640",1 Bed,"$1,870"
555,https://web.archive.org/web/20220426234339/https://www.apartments.com/chicago-il/,"8 E Huron St, Chicago, IL 60611",1-3 Beds,"$2,575 - 6,895"
556,https://web.archive.org/web/20220426234339/https://www.apartments.com/chicago-il/,"1616 E 56th St, Chicago, IL 60637",1-3 Beds,"$2,650 - 7,589"
557,https://web.archive.org/web/20220426234339/https://www.apartments.com/chicago-il/,"205 S Peoria, Chicago, IL 60607",Studio - 2 Beds,"$2,120 - 4,818"
558,https://web.archive.org/web/20220426234339/https://www.apartments.com/chicago-il/,"1164-1212 W Madison St, Chicago, IL 60607",Studio - 2 Beds,"$2,846 - 5,610"
559,https://web.archive.org/web/20220426234339/https://www.apartments.com/chicago-il/,"730 W Couch Pl, Chicago, IL 60661",Studio - 3 Beds,"$2,204 - 9,367"
560,https://web.archive.org/web/20220426234339/https://www.apartments.com/chicago-il/,"1 W Superior St, Chicago, IL 60654",Studio - 2 Beds,"$2,172 - 5,055"
561,https://web.archive.org/web/20220426234339/https://www.apartments.com/chicago-il/,"676 N La Salle Dr, Chicago, IL 60654",1 Bed,"$2,480 - 2,560"
562,https://web.archive.org/web/20220426234339/https://www.apartments.com/chicago-il/,"120 N Green St, Chicago, IL 60607",Studio - 3 Beds,"$2,815 - 12,682"
563,https://web.archive.org/web/20220426234339/https://www.apartments.com/chicago-il/,"1206-1212 N State Pky, Chicago, IL 60610",Studio - 2 Beds,"$2,260 - 6,322"
564,https://web.archive.org/web/20220426234339/https://www.apartments.com/chicago-il/,"369 W Grand Ave, Chicago, IL 60654",Studio - 4 Beds,"$2,095 - 79,788"
565,https://web.archive.org/web/20220426234339/https://www.apartments.com/chicago-il/,"220 E Illinois St, Chicago, IL 60611",Studio - 3 Beds,"$2,876 - 10,172"
566,https://web.archive.org/web/20220426234339/https://www.apartments.com/chicago-il/,"14 W Superior St, Chicago, IL 60654",Studio - 3 Beds,"$2,284 - 11,620"
567,https://web.archive.org/web/20220426234339/https://www.apartments.com/chicago-il/,"11 S Green St, Chicago, IL 60607",Studio - 2 Beds,"$1,977 - 3,428"
568,https://web.archive.org/web/20220426234339/https://www.apartments.com/chicago-il/,"5801-5811 S Dorchester Ave, Chicago, IL 60637",1-6 Beds,"$2,150 - 3,525"
569,https://web.archive.org/web/20220426234339/https://www.apartments.com/chicago-il/,"939 W Washington Blvd, Chicago, IL 60607",Studio - 3 Beds,"$1,913 - 4,465"
570,https://web.archive.org/web/20220426234339/https://www.apartments.com/chicago-il/,"2623-2627 N Clark St, Chicago, IL 60614",1 Bed,"$2,200 - 2,450"
571,https://web.archive.org/web/20220426234339/https://www.apartments.com/chicago-il/,"833 N Clark St, Chicago, IL 60610",Studio - 3 Beds,"$2,352 - 16,463"
572,https://web.archive.org/web/20220426234339/https://www.apartments.com/chicago-il/,"340 E North Water St, Chicago, IL 60611",Studio - 3 Beds,"$2,171 - 7,433"
573,https://web.archive.org/web/20220426234339/https://www.apartments.com/chicago-il/,"51 E 14th St, Chicago, IL 60605",Studio - 2 Beds,"$1,780 - 5,045"
574,https://web.archive.org/web/20220426234339/https://www.apartments.com/chicago-il/,"200 E Illinois St, Chicago, IL 60611",1-3 Beds,"$2,329 - 9,314"
575,https://web.archive.org/web/20220612023135/https://www.apartments.com/chicago-il/,"930 W Altgeld St, Chicago, IL 60614",Studio - 3 Beds,"$2,385 - 14,315"
576,https://web.archive.org/web/20220612023135/https://www.apartments.com/chicago-il/,"1457 N Halsted St, Chicago, IL 60642",Studio - 2 Beds,"$2,484 - 5,208"
577,https://web.archive.org/web/20220612023135/https://www.apartments.com/chicago-il/,"5035 S East End Ave, Chicago, IL 60615",Studio - 4 Beds,"$1,700 - 6,260"
578,https://web.archive.org/web/20220612023135/https://www.apartments.com/chicago-il/,"5441 NE NEast River Rd, Chicago, IL 60656",Studio - 4 Beds,"$1,075 - 3,020"
579,https://web.archive.org/web/20220612023135/https://www.apartments.com/chicago-il/,"833 N Clark St, Chicago, IL 60610",Studio - 3 Beds,"$2,097 - 24,218"
580,https://web.archive.org/web/20220612023135/https://www.apartments.com/chicago-il/,"2155 N Elston Ave, Chicago, IL 60614",Studio - 3 Beds,"$1,770 - 6,194"
581,https://web.archive.org/web/20220612023135/https://www.apartments.com/chicago-il/,"1616 E 56th St, Chicago, IL 60637",1-3 Beds,"$2,600 - 10,960"
582,https://web.archive.org/web/20220612023135/https://www.apartments.com/chicago-il/,"169 W Huron St, Chicago, IL 60654",Studio - 2 Beds,"$2,053 - 5,721"
583,https://web.archive.org/web/20220612023135/https://www.apartments.com/chicago-il/,"51 E 14th St, Chicago, IL 60605",Studio - 2 Beds,"$1,830 - 5,045"
584,https://web.archive.org/web/20220612023135/https://www.apartments.com/chicago-il/,"747 N Wabash Ave, Chicago, IL 60611",Studio - 2 Beds,"$3,132 - 3,856"
585,https://web.archive.org/web/20220612023135/https://www.apartments.com/chicago-il/,"121 W Chestnut St, Chicago, IL 60610",Studio - 3 Beds,"$1,904 - 10,256"
586,https://web.archive.org/web/20220612023135/https://www.apartments.com/chicago-il/,"340 E North Water St, Chicago, IL 60611",Studio - 3 Beds,"$2,328 - 10,464"
587,https://web.archive.org/web/20220612023135/https://www.apartments.com/chicago-il/,"8 E Huron St, Chicago, IL 60611",1-3 Beds,"$5,195 - 6,895"
588,https://web.archive.org/web/20220612023135/https://www.apartments.com/chicago-il/,"220 E Illinois St, Chicago, IL 60611",Studio - 3 Beds,"$2,541 - 9,341"
589,https://web.archive.org/web/20220612023135/https://www.apartments.com/chicago-il/,"205 S Peoria, Chicago, IL 60607",Studio - 2 Beds,"$1,973 - 6,076"
590,https://web.archive.org/web/20220612023135/https://www.apartments.com/chicago-il/,"369 W Grand Ave, Chicago, IL 60654",Studio - 4 Beds,"$2,095 - 69,521"
591,https://web.archive.org/web/20220612023135/https://www.apartments.com/chicago-il/,"5029 N Kenmore Ave, Chicago, IL 60640",1 Bed,"$1,775"
592,https://web.archive.org/web/20220612023135/https://www.apartments.com/chicago-il/,"14 W Superior St, Chicago, IL 60654",Studio - 3 Beds,"$2,284 - 11,620"
593,https://web.archive.org/web/20220612023135/https://www.apartments.com/chicago-il/,"1164-1212 W Madison St, Chicago, IL 60607",Studio - 2 Beds,"$2,528 - 5,830"
594,https://web.archive.org/web/20220612023135/https://www.apartments.com/chicago-il/,"717 S Clark St, Chicago, IL 60605",Studio - 4 Beds,"$1,935 - 11,000"
595,https://web.archive.org/web/20220612023135/https://www.apartments.com/chicago-il/,"5801-5811 S Dorchester Ave, Chicago, IL 60637",1-6 Beds,"$2,225 - 4,750"
596,https://web.archive.org/web/20220612023135/https://www.apartments.com/chicago-il/,"2345 N Lincoln Ave, Chicago, IL 60614",Studio - 3 Beds,"$2,354 - 5,977"
597,https://web.archive.org/web/20220612023135/https://www.apartments.com/chicago-il/,"651 S Wells St, Chicago, IL 60607",1-3 Beds,"$1,886 - 9,293"
598,https://web.archive.org/web/20220612023135/https://www.apartments.com/chicago-il/,"1001 S State St, Chicago, IL 60605",Studio - 3 Beds,"$1,938 - 5,417"
599,https://web.archive.org/web/20220612023135/https://www.apartments.com/chicago-il/,"120 N Green St, Chicago, IL 60607",Studio - 3 Beds,"$2,310 - 12,803"
600,https://web.archive.org/web/20220819053652/https://www.apartments.com/chicago-il/,"930 W Altgeld St, Chicago, IL 60614",Studio - 3 Beds,"$2,260 - 14,520"
601,https://web.archive.org/web/20220819053652/https://www.apartments.com/chicago-il/,"1457 N Halsted St, Chicago, IL 60642",Studio - 2 Beds,"$2,341 - 5,308"
602,https://web.archive.org/web/20220819053652/https://www.apartments.com/chicago-il/,"1407 S Michigan Ave, Chicago, IL 60605",Studio - 3 Beds,"$1,675 - 5,400"
603,https://web.archive.org/web/20220819053652/https://www.apartments.com/chicago-il/,"5035 S East End Ave, Chicago, IL 60615",Studio - 4 Beds,"$1,650 - 4,456"
604,https://web.archive.org/web/20220819053652/https://www.apartments.com/chicago-il/,"5441 NE NEast River Rd, Chicago, IL 60656",Studio - 4 Beds,"$1,205 - 3,205"
605,https://web.archive.org/web/20220819053652/https://www.apartments.com/chicago-il/,"840 W Blackhawk St, Chicago, IL 60642",Studio - 2 Beds,"$2,010 - 3,671"
606,https://web.archive.org/web/20220819053652/https://www.apartments.com/chicago-il/,"120 N Green St, Chicago, IL 60607",Studio - 3 Beds,"$2,270 - 10,331"
607,https://web.archive.org/web/20220819053652/https://www.apartments.com/chicago-il/,"545 N McClurg Ct, Chicago, IL 60611",Studio - 3 Beds,"$2,395 - 8,705"
608,https://web.archive.org/web/20220819053652/https://www.apartments.com/chicago-il/,"2 W Delaware Pl, Chicago, IL 60610",1-5 Beds,"$3,850 - 11,135"
609,https://web.archive.org/web/20220819053652/https://www.apartments.com/chicago-il/,"165 W Superior St, Chicago, IL 60654",Studio - 2 Beds,"$2,095 - 5,116"
610,https://web.archive.org/web/20220819053652/https://www.apartments.com/chicago-il/,"730 W Couch Pl, Chicago, IL 60661",Studio - 3 Beds,"$2,388 - 8,312"
611,https://web.archive.org/web/20220819053652/https://www.apartments.com/chicago-il/,"2345 N Lincoln Ave, Chicago, IL 60614",Studio - 3 Beds,"$2,625 - 8,495"
612,https://web.archive.org/web/20220819053652/https://www.apartments.com/chicago-il/,"504 N Green St, Chicago, IL 60642",Studio - 3 Beds,"$1,963 - 8,085"
613,https://web.archive.org/web/20220819053652/https://www.apartments.com/chicago-il/,"465 N Park Dr, Chicago, IL 60611",Studio - 3 Beds,"$2,323 - 22,026"
614,https://web.archive.org/web/20220819053652/https://www.apartments.com/chicago-il/,"205 S Peoria, Chicago, IL 60607",Studio - 2 Beds,"$2,242 - 6,419"
615,https://web.archive.org/web/20220819053652/https://www.apartments.com/chicago-il/,"14 W Superior St, Chicago, IL 60654",Studio - 3 Beds,"$2,299 - 11,935"
616,https://web.archive.org/web/20220819053652/https://www.apartments.com/chicago-il/,"8 E Huron St, Chicago, IL 60611",1-3 Beds,"$4,600 - 13,995"
617,https://web.archive.org/web/20220819053652/https://www.apartments.com/chicago-il/,"1210 N State Pky, Chicago, IL 60610",Studio - 2 Beds,"$2,170 - 6,569"
618,https://web.archive.org/web/20220819053652/https://www.apartments.com/chicago-il/,"747 N Wabash Ave, Chicago, IL 60611",Studio - 2 Beds,"$2,125 - 4,587"
619,https://web.archive.org/web/20220819053652/https://www.apartments.com/chicago-il/,"833 N Clark St, Chicago, IL 60610",Studio - 3 Beds,"$2,097 - 17,000"
620,https://web.archive.org/web/20220819053652/https://www.apartments.com/chicago-il/,"808 W Van Buren St, Chicago, IL 60607",1-2 Beds,"$2,395 - 3,690"
621,https://web.archive.org/web/20220819053652/https://www.apartments.com/chicago-il/,"165 N Desplaines St, Chicago, IL 60661",Studio - 2 Beds,"$2,139 - 3,930"
622,https://web.archive.org/web/20220819053652/https://www.apartments.com/chicago-il/,"808 N Wells St, Chicago, IL 60610",Studio - 2 Beds,"$1,888 - 4,322"
623,https://web.archive.org/web/20220819053652/https://www.apartments.com/chicago-il/,"121 W Chestnut St, Chicago, IL 60610",Studio - 3 Beds,"$2,036 - 10,380"
624,https://web.archive.org/web/20220819053652/https://www.apartments.com/chicago-il/,"340 E North Water St, Chicago, IL 60611",Studio - 3 Beds,"$2,199 - 9,246"
